build,set,gameId,label,side,verdict,source,reason,n,nodes,fen
engine_4x.js,chasolver-positions,chasolver-positions:6,--,b,WT,H,horizon,0,139,8/1k5B/7b/8/1p1p1p1p/1PpP1P1P/2P3K1/N3b3 b - -
engine_4x.js,chasolver-positions,chasolver-positions:8,--,b,WT,H,horizon,0,191,4K3/8/8/8/8/p1p2p1p/P1pppp1P/bnrqkrnb b - -
engine_4x.js,chasolver-positions,chasolver-positions:14,--,b,WT,H,horizon,0,166,7k/8/1p6/1Pp5/2Pp4/pB1Pp1p1/P1B1P1P1/1B1B2K1 b - -
engine_4x.js,chasolver-positions,chasolver-positions:16,--,b,WT,H,horizon,0,379,2k5/6p1/6P1/6PK/6P1/6PR/7P/8 b - -
engine_4x.js,chasolver-positions,chasolver-positions:18,--,b,WT,H,horizon,0,179,8/8/8/1k3p1p/3p1P2/1p1P1PpP/1P4P1/K7 b - -
engine_4x.js,chasolver-positions,chasolver-positions:61,--,w,BT,H,horizon,0,207,k3b1b1/Pp1b1b1p/1Pb1p1pP/1p1pP1P1/1P1P4/8/8/4K3 w - -
engine_4x.js,chasolver-positions,chasolver-positions:83,--,w,BT,H,horizon,0,240,1k6/p1p1p1p1/P1P1P1P1/p1p1p1p1/8/8/P1P1P1P1/4K3 w - -
engine_4x.js,chasolver-positions,chasolver-positions:93,--,w,BT,H,horizon,0,228,3k4/1p1p1p1p/1P1P1P1P/3p4/8/8/3P3P/4K3 w - -
engine_4x.js,chasolver-positions,chasolver-positions:97,--,w,BT,H,horizon,0,187,8/7p/k4p1P/5p1K/5Pp1/6P1/6P1/8 w - -
engine_4x.js,chasolver-positions,chasolver-positions:99,--,w,BT,H,horizon,0,174,8/7p/5p2/1p3PpP/1Pp2pP1/BpP2PpB/1P4P1/2K2k2 w - -
engine_4x.js,chasolver-positions,chasolver-positions:107,--,w,BT,H,horizon,0,246,2k5/2p1p1p1/p1P1P1P1/P1p4K/8/8/2P5/8 w - -
engine_4x.js,chasolver-positions,chasolver-positions:108,--,w,BT,H,horizon,0,249,2k5/2p1p1p1/p1P1P1P1/P1p4K/8/2P5/8/8 w - -
engine_4x.js,chasolver-positions,chasolver-positions:115,--,w,BT,H,horizon,0,250,2k5/p1p1p1p1/P1P1P1P1/2p1P2K/4P3/8/2P5/8 w - -
engine_4x.js,chasolver-positions,chasolver-positions:116,--,w,BT,H,horizon,0,249,2k5/p1p1p1p1/P1P1P1P1/2p1P2K/8/8/2P1P3/8 w - -
engine_4x.js,chasolver-positions,chasolver-positions:117,--,w,BT,H,horizon,0,220,2k5/p1p1p1p1/P1P1P1P1/2p1p2K/8/8/2P1P3/8 w - -
engine_4x.js,chasolver-positions,chasolver-positions:118,--,w,BT,H,horizon,0,215,2k5/p1p1p1p1/P1P1P1P1/2p1p2K/8/8/2P1P1P1/8 w - -
engine_4x.js,chasolver-positions,chasolver-positions:119,--,w,BT,H,horizon,0,376,1k6/6p1/6P1/6PK/6P1/6PR/7P/8 w - -
engine_4x.js,chasolver-positions,chasolver-positions:126,--,w,BT,H,horizon,0,141,1k6/b7/7p/5p1P/5p2/5PpK/6P1/8 w - -
engine_4x.js,chasolver-positions,chasolver-positions:128,--,w,BT,H,horizon,0,138,1k6/b1b5/7p/5p1P/5p2/5PpK/6P1/8 w - -
engine_4x.js,chasolver-positions,chasolver-positions:129,--,w,BT,H,horizon,0,134,8/b7/k6p/5p1P/5p2/5PpK/6P1/8 w - -
engine_4x.js,chasolver-positions,chasolver-positions:179,--,b,WT,H,horizon,0,158,k2b4/2p1p3/BpP1P3/1Pp5/2Pp4/K1pPp3/2PpP3/3B4 b - -
engine_4x.js,chasolver-positions,chasolver-positions:182,--,b,WT,H,horizon,0,181,k4b2/4pPp1/3pP1Pp/2pP3P/BpP5/1P6/K7/8 b - -
engine_4x.js,chasolver-positions,chasolver-positions:183,--,b,WT,H,horizon,0,181,k4b1N/4pPp1/3pP1Pp/2pP3P/BpP5/1P6/K7/8 b - -
engine_4x.js,chasolver-positions,chasolver-positions:184,--,b,WT,H,horizon,0,181,k4bBN/4pPp1/3pP1Pp/2pP3P/BpP5/1P6/K7/8 b - -
engine_4x.js,chasolver-positions,chasolver-positions:185,--,b,WT,H,horizon,0,165,k4bBN/b3pPp1/3pP1Pp/2pP3P/BpP5/1P6/K7/8 b - -
engine_4x.js,chasolver-positions,chasolver-positions:198,--,w,BT,H,horizon,0,244,1k6/p1p1p1p1/P1P1P1P1/p1p1p1p1/4P3/8/P1P3P1/4K3 w - -
engine_4x.js,chasolver-positions,chasolver-positions:200,--,w,BT,H,horizon,0,346,8/k5p1/6P1/6P1/6PK/6PR/6PP/8 w - -
engine_4x.js,chasolver-positions,chasolver-positions:214,--,w,BT,H,horizon,0,217,8/1p6/kPp5/2P5/1pP5/1P6/8/7K w - -
engine_4x.js,chasolver-positions,chasolver-positions:217,--,w,BT,H,horizon,0,199,8/1p6/kPp5/2P3p1/1pP3Pb/1P4p1/6P1/7K w - -
engine_4x.js,chasolver-positions,chasolver-positions:218,--,w,BT,H,horizon,0,185,8/1p6/kPp3p1/2P3p1/1pP3Pb/1P4p1/6P1/7K w - -
engine_4x.js,chasolver-positions,chasolver-positions:227,--,b,WT,H,horizon,0,146,8/4kb2/8/1p1p1p1p/1P1P1P1P/1b6/3B1K2/8 b - -
engine_4x.js,chasolver-positions,chasolver-positions:228,-B,b,WT,H,horizon,0,123,8/4kb2/8/1p1p1p1p/1P1P1P1P/1bB5/3B1K2/8 b - -
engine_4x.js,chasolver-positions,chasolver-positions:233,--,w,BT,H,horizon,0,387,8/6p1/1k4P1/6PK/6P1/6PR/7P/8 w - -
engine_4x.js,chasolver-positions,chasolver-positions:234,--,w,BT,H,horizon,0,321,8/6p1/1k4P1/6PK/p1p3P1/P1Pp2PR/1B1P3P/BNB5 w - -
engine_4x.js,chasolver-positions,chasolver-positions:238,--,w,BT,H,horizon,0,121,2k5/b7/8/p1p1p1p1/P1P1P1P1/8/B5B1/4K3 w - -
engine_4x.js,chasolver-positions,chasolver-positions:239,--,w,BT,H,horizon,0,127,2k5/b7/8/p1p1p1p1/P1P1P1P1/8/2B3B1/4K3 w - -
engine_4x.js,chasolver-positions,chasolver-positions:241,--,w,BT,H,horizon,0,121,2k5/b7/8/p1p1p1p1/P1P1P1P1/8/B5B1/5K2 w - -
engine_4x.js,chasolver-positions,chasolver-positions:242,--,w,BT,H,horizon,0,121,2k5/2b5/8/p1p1p1p1/P1P1P1P1/8/B5B1/5K2 w - -
engine_4x.js,chasolver-positions,chasolver-positions:245,--,w,BT,H,horizon,0,127,3k4/b7/8/p1p1p1p1/P1P1P1P1/8/2B3B1/5K2 w - -
engine_4x.js,chasolver-positions,chasolver-positions:246,--,w,BT,H,horizon,0,128,3k4/b7/8/p1p1p1p1/P1P1P1P1/8/2B1B3/5K2 w - -
engine_4x.js,chasolver-positions,chasolver-positions:250,-B,b,WT,H,horizon,0,136,3k4/1b6/8/1p1p1p1p/1P1P1P1P/4B3/b4B2/3K4 b - -
engine_4x.js,chasolver-positions,chasolver-positions:254,--,w,BT,H,horizon,0,196,5bk1/4p1p1/4P1P1/7K/8/8/8/8 w - -
engine_4x.js,chasolver-positions,chasolver-positions:255,--,w,BT,H,horizon,0,196,5bBk/4p1p1/4P1P1/7K/8/8/8/8 w - -
engine_4x.js,chasolver-positions,chasolver-positions:272,--,b,WT,H,horizon,0,194,5bR1/4p1pk/4P1P1/7K/8/8/8/8 b - -
engine_4x.js,chasolver-positions,chasolver-positions:274,--,b,WT,H,horizon,0,194,5b1N/4p1pk/4P1P1/7K/8/8/8/8 b - -
engine_4x.js,chasolver-positions,chasolver-positions:275,--,w,BT,H,horizon,0,128,8/8/k6p/5p1P/3b1p2/5PpK/6P1/8 w - -
engine_4x.js,chasolver-positions,chasolver-positions:276,--,w,BT,H,horizon,0,132,8/8/k6p/5p1P/3b1p2/2b2PpK/6P1/8 w - -
engine_4x.js,chasolver-positions,chasolver-positions:292,--,w,BT,H,horizon,0,194,4K3/8/8/8/8/p1p2p1p/P1pppp1P/bnrqkrnb w - -
engine_4x.js,chasolver-positions,chasolver-positions:293,--,w,BT,H,horizon,0,208,3k4/p1p1p1p1/P1P1P1P1/p1p1p1p1/8/8/P1P1P1P1/3K4 w - -
engine_4x.js,chasolver-positions,chasolver-positions:294,--,w,BT,H,horizon,0,211,1b1k4/p1p1p1p1/P1P1P1P1/p1p1p1p1/8/8/P1P1P1P1/3K4 w - -
engine_4x.js,chasolver-positions,chasolver-positions:296,--,w,BT,H,horizon,0,134,1b1k4/p1p1pBp1/P1P1P1P1/p1p1p1p1/8/8/P1P1P1P1/3K4 w - -
engine_4x.js,chasolver-positions,chasolver-positions:298,--,w,BT,H,horizon,0,134,8/b1b5/k6p/5p1P/5p2/5PpK/6P1/8 w - -
engine_4x.js,chasolver-positions,chasolver-positions:300,--,b,WT,H,horizon,0,130,8/8/7p/5p1P/5p1K/5Pp1/6P1/5kb1 b - -
engine_4x.js,chasolver-positions,chasolver-positions:317,--,w,BT,H,horizon,0,139,8/1k5B/7b/8/1p1p1p1p/1PpP1P1P/2P3K1/N3b3 w - -
engine_4x.js,chasolver-positions,chasolver-positions:336,--,b,WT,H,horizon,0,186,8/7k/6p1/5pPp/4pP1P/1p1pP1KP/1PpP3P/2B3B1 b - -
engine_4x.js,chasolver-positions,chasolver-positions:339,--,b,WT,H,horizon,0,186,8/7k/6p1/5pPp/4pP1P/1p1pP1KP/1PpP1B1P/2B1B1B1 b - -
engine_4x.js,chasolver-positions,chasolver-positions:340,--,b,WT,H,horizon,0,186,8/7k/6p1/5pPp/4pP1P/1p1pP3/1PpP1B2/2B1B1BK b - -
engine_4x.js,chasolver-positions,chasolver-positions:342,--,b,WT,H,horizon,0,197,8/7k/8/5p2/4pPp1/1p1pP1Pp/1PpP3P/2B2N1K b - -
engine_4x.js,chasolver-positions,chasolver-positions:350,--,w,BT,H,horizon,0,211,1k6/6p1/5pP1/5p1K/5Pp1/6P1/8/8 w - -
engine_4x.js,chasolver-positions,chasolver-positions:354,--,w,BT,H,horizon,0,188,1k6/1b5p/5p1P/5p1K/5Pp1/6P1/8/8 w - -
engine_4x.js,chasolver-positions,chasolver-positions:355,--,w,BT,H,horizon,0,192,7k/8/1p6/1Pp5/2Pp4/pB1Pp1p1/P1B1P1P1/1B1B2K1 w - -
engine_4x.js,chasolver-positions,chasolver-positions:365,--,w,BT,H,horizon,0,135,8/b1k3b1/5b2/p1p1p1p1/P1P1P1P1/2K5/6B1/8 w - -
engine_4x.js,chasolver-positions,chasolver-positions:366,--,w,BT,H,horizon,0,118,8/b1k3b1/5b2/p1p1p1p1/P1P1P1P1/2K5/5bB1/8 w - -
engine_4x.js,chasolver-positions,chasolver-positions:372,-B,b,WT,H,horizon,0,139,8/1p3k2/pPp3p1/P1Pp1pPp/2bP1P1P/4BK2/7B/8 b - -
engine_4x.js,chasolver-positions,chasolver-positions:373,-B,b,WT,H,horizon,0,143,8/1p3k2/pPp3p1/P1Pp1pPp/2bP1P1P/4BKB1/8/8 b - -
engine_4x.js,chasolver-positions,chasolver-positions:374,-B,b,WT,H,horizon,0,142,8/1p3k2/pPp3p1/P1Pp1pPp/2bP1P1P/4BK2/3B4/8 b - -
engine_4x.js,chasolver-positions,chasolver-positions:375,-B,b,WT,H,horizon,0,140,8/1p3k2/pPp3p1/P1Pp1pPp/2bP1P1P/4BK2/5B2/8 b - -
engine_4x.js,chasolver-positions,chasolver-positions:376,-B,b,WT,H,horizon,0,131,8/1p3k2/pPp3p1/P1Pp1pPp/2bP1P1P/5K2/5B2/B7 b - -
engine_4x.js,chasolver-positions,chasolver-positions:382,-B,b,WT,H,horizon,0,141,8/1p3k2/pPp3p1/P1Pp1pPp/2bP1P1P/4BK2/8/4B3 b - -
engine_4x.js,chasolver-positions,chasolver-positions:383,-B,b,WT,H,horizon,0,131,8/1p3k2/pPp3p1/P1Pp1pPp/2bP1P1P/4BK2/7B/4B3 b - -
engine_4x.js,chasolver-positions,chasolver-positions:384,-B,b,WT,H,horizon,0,121,8/1p3k2/pPp3p1/P1Pp1pPp/2bP1P1P/2B1BK2/7B/4B3 b - -
engine_4x.js,chasolver-positions,chasolver-positions:385,-B,b,WT,H,horizon,0,121,8/1p3k2/pPp3p1/P1Pp1pPp/2bP1P1P/2B1BKB1/7B/4B3 b - -
engine_4x.js,chasolver-positions,chasolver-positions:429,W-,w,BT,H,horizon,0,139,rnb1b3/pk1p4/p1pPp1p1/P1P1P1Pp/RBP4P/P7/5B2/7K w - -
engine_4x.js,chasolver-positions,chasolver-positions:430,--,b,WT,H,horizon,0,145,8/1k5B/7b/8/1p1p1p1p/bPpP1P1P/2Pb2K1/N1b1b3 b - -
engine_4x.js,chasolver-positions,chasolver-positions:431,--,b,WT,H,horizon,0,145,4B3/1k3B1B/7b/5B2/1p1p1pBp/bPpP1P1P/2Pb2K1/N1b1b3 b - -
engine_4x.js,chasolver-positions,chasolver-positions:433,--,w,BT,H,horizon,0,124,8/b1b5/k6p/2b2p1P/1b3p2/5PpK/6P1/8 w - -
engine_4x.js,chasolver-positions,chasolver-positions:436,--,w,BT,H,horizon,0,154,k4b1N/4pPp1/3pP1Pp/2pP3P/BpP5/1P6/K7/8 w - -
engine_4x.js,chasolver-positions,chasolver-positions:472,--,w,BT,H,horizon,0,132,3k1b2/4b3/1p1p1p1p/1P1P1P1P/4B3/5B2/3K4/8 w - -
engine_4x.js,chasolver-positions,chasolver-positions:486,--,b,WT,H,horizon,0,130,8/8/7p/5p1P/3b1p1K/5Pp1/6P1/5kb1 b - -
engine_4x.js,chasolver-positions,chasolver-positions:487,--,b,WT,H,horizon,0,130,8/8/3b3p/5p1P/3b1p1K/5Pp1/6P1/5kb1 b - -
engine_4x.js,chasolver-positions,chasolver-positions:489,W-,w,BT,H,horizon,0,139,rnb1b3/pk1p4/p1pPp1p1/P1P1P1P1/RBP5/P7/5B2/7K w - -
engine_4x.js,chasolver-positions,chasolver-positions:503,--,b,WT,H,horizon,0,409,k7/6p1/6P1/6PK/6P1/1p2p1PR/1P2P2P/8 b - -
engine_4x.js,chasolver-positions,chasolver-positions:507,W-,w,BT,H,horizon,0,122,k7/1b6/2b5/3b4/4b3/1pB2b2/pP4b1/K6b w - -
engine_4x.js,chasolver-positions,chasolver-positions:508,W-,w,BT,H,horizon,0,149,k7/1b6/2b5/8/8/1pB5/pP6/K7 w - -
engine_4x.js,chasolver-positions,chasolver-positions:509,--,w,BT,H,horizon,0,138,k6B/1b4B1/5B2/4B3/3B4/1pB5/pP6/K7 w - -
engine_4x.js,chasolver-positions,chasolver-positions:510,--,w,BT,H,horizon,0,168,k6B/1b4B1/5B2/4B3/3B4/1pB1B3/pP1B4/K7 w - -
engine_4x.js,chasolver-positions,chasolver-positions:511,W-,w,BT,H,horizon,0,165,k6B/1b4B1/2b2B2/4B3/3B4/1pB1B3/pP1B4/K7 w - -
engine_4x.js,chasolver-positions,chasolver-positions:514,--,w,BT,H,horizon,0,178,6k1/8/8/8/8/1p1p4/1P1P4/1KB5 w - -
engine_4x.js,chasolver-positions,chasolver-positions:529,--,w,BT,H,horizon,0,193,8/1pK5/kPp5/2P5/1pP5/1P6/8/8 w - -
engine_4x.js,chasolver-positions,chasolver-positions:533,--,w,BT,H,horizon,0,184,8/1p6/1Pp5/k1P5/p1P5/P1K5/3B4/8 w - -
engine_4x.js,chasolver-positions,chasolver-positions:534,--,w,BT,H,horizon,0,162,8/1p6/1Pp5/k1P5/p1P5/P1K1B3/3B4/8 w - -
engine_4x.js,chasolver-positions,chasolver-positions:535,--,w,BT,H,horizon,0,217,8/1p6/1Pp5/k1P5/p1P5/P1K5/8/8 w - -
engine_4x.js,chasolver-positions,chasolver-positions:537,--,w,BT,H,horizon,0,217,2b5/1p1p2p1/1PpP2P1/k1P5/p1P5/P1K5/8/8 w - -
engine_4x.js,chasolver-positions,chasolver-positions:541,--,w,BT,H,horizon,0,192,1kbK4/1p1p4/pPpP4/P1P5/2P5/8/8/8 w - -
engine_4x.js,chasolver-positions,chasolver-positions:542,--,w,BT,H,horizon,0,192,1kbK4/1p1p4/pPpP4/P1P5/8/8/8/8 w - -
engine_4x.js,chasolver-positions,chasolver-positions:543,--,w,BT,H,horizon,0,192,1kbK4/1p1p4/1PpP4/2P5/8/8/8/8 w - -
engine_4x.js,chasolver-positions,chasolver-positions:544,--,w,BT,H,horizon,0,192,1kbK4/1p1p4/1P1P4/8/8/8/8/8 w - -
engine_4x.js,chasolver-positions,chasolver-positions:556,--,b,WT,H,horizon,0,175,BNRKQRNB/p1PPPP1p/P1P2P1P/8/8/8/3k4/8 b - -
engine_4x.js,chasolver-positions,chasolver-positions:570,--,w,BT,H,horizon,0,199,7k/8/8/8/p1p5/P1Pp2p1/PB1P2P1/BRB3K1 w - -
engine_4x.js,chasolver-positions,chasolver-positions:571,--,w,BT,H,horizon,0,184,7k/8/8/8/p1p5/P1Pp2p1/P2P2P1/B1B3K1 w - -
engine_4x.js,chasolver-positions,chasolver-positions:575,--,w,BT,H,horizon,0,201,7k/8/8/6p1/5pP1/4pP1B/4P1B1/5BKB w - -
engine_4x.js,chasolver-positions,chasolver-positions:593,--,w,BT,H,horizon,0,195,6k1/8/8/3p4/1p1Pp1p1/1Pp1PpP1/2P2P1B/N2K2B1 w - -
engine_4x.js,chasolver-positions,chasolver-positions:604,W-,w,BT,H,horizon,0,174,3k4/2b5/1b4B1/8/8/6p1/6Pp/7K w - -
engine_4x.js,chasolver-positions,chasolver-positions:605,W-,w,BT,H,horizon,0,142,8/8/8/3B4/8/6p1/1b4Pp/k1b4K w - -
engine_4x.js,chasolver-positions,chasolver-positions:606,W-,w,BT,H,horizon,0,137,8/8/8/3B4/8/6p1/1b4Pp/2b2k1K w - -
engine_4x.js,chasolver-positions,chasolver-positions:607,W-,w,BT,H,horizon,0,127,7k/8/8/3B4/8/6p1/1b4Pp/2b4K w - -
engine_4x.js,chasolver-positions,chasolver-positions:608,W-,w,BT,H,horizon,0,212,1b5k/b7/8/3B4/8/6p1/6Pp/7K w - -
engine_4x.js,chasolver-positions,chasolver-positions:611,--,w,BT,H,horizon,0,198,1k6/8/8/8/2p1p1p1/1pP1PpP1/1P1B1P2/2B1B1BK w - -
engine_4x.js,chasolver-positions,chasolver-positions:616,--,w,BT,H,horizon,0,158,B1Bk4/p1pPp3/P1P1P3/8/3b4/2b5/8/5K2 w - -
engine_4x.js,chasolver-positions,chasolver-positions:619,--,w,BT,H,horizon,0,166,8/6k1/8/p1p5/P1Pp4/1B1Pp2p/B1B1P2P/1B3K2 w - -
engine_4x.js,chasolver-positions,chasolver-positions:620,--,w,BT,H,horizon,0,132,8/6k1/8/p1p5/P1Pp4/1B1Pp2p/B3P2P/1B3K2 w - -
engine_4x.js,chasolver-positions,chasolver-positions:623,--,w,BT,H,horizon,0,203,8/6k1/8/6p1/5pP1/4pP1B/4P1B1/5BKB w - -
engine_4x.js,chasolver-positions,chasolver-positions:624,--,w,BT,H,horizon,0,203,8/6k1/8/8/5p1p/4pP1P/4P1B1/5BKB w - -
engine_4x.js,chasolver-positions,chasolver-positions:625,--,w,BT,H,horizon,0,134,2b5/1pPp2k1/1P1Pp3/4Pp2/5Pp1/6Pp/3K3P/6B1 w - -
engine_4x.js,chasolver-positions,chasolver-positions:628,--,w,BT,H,horizon,0,148,N1N1N1N1/PpPpPpPp/1P1P1P1P/8/8/8/3K4/k7 w - -
engine_4x.js,chasolver-positions,chasolver-positions:629,--,w,BT,H,horizon,0,148,NBN1N1N1/BpPpPpPp/1P1P1P1P/8/8/8/3K4/k7 w - -
engine_4x.js,chasolver-positions,chasolver-positions:640,--,w,BT,H,horizon,0,143,B1B1B1B1/pBpBpBpB/P1P1P1P1/8/8/8/8/k1K5 w - -
engine_4x.js,chasolver-positions,chasolver-positions:641,--,w,BT,H,horizon,0,143,B1B1B1B1/pBpBpBp1/P1P1P1P1/8/8/8/8/k1K5 w - -
engine_4x.js,chasolver-positions,chasolver-positions:644,--,w,BT,H,horizon,0,143,2B1B1B1/pBpBpBpB/P1P1P1P1/8/8/8/8/k1K5 w - -
engine_4x.js,chasolver-positions,chasolver-positions:659,--,w,BT,H,horizon,0,156,1N1N1b1N/pPpPpPp1/P1P1P1P1/8/8/8/8/K1k5 w - -
engine_4x.js,chasolver-positions,chasolver-positions:660,--,w,BT,H,horizon,0,156,N1b1N1N1/1pPpPpPp/1P1P1P1P/8/8/8/8/K1k5 w - -
engine_4x.js,chasolver-positions,chasolver-positions:661,--,w,BT,H,horizon,0,156,N1b1NBN1/1pPpPpPp/1P1P1P1P/8/8/8/8/K1k5 w - -
engine_4x.js,chasolver-positions,chasolver-positions:662,--,w,BT,H,horizon,0,149,N1b1N1N1/1pPpPpPp/1P1P1P1P/4B3/8/8/8/K1k5 w - -
engine_4x.js,chasolver-positions,chasolver-positions:663,--,w,BT,H,horizon,0,156,N1b1N1NB/1pPpPpPp/1P1P1P1P/8/8/8/8/K1k5 w - -
engine_4x.js,chasolver-positions,chasolver-positions:664,--,w,BT,H,horizon,0,156,NBb1N1N1/1pPpPpPp/1P1P1P1P/8/8/8/8/K1k5 w - -
engine_4x.js,chasolver-positions,chasolver-positions:665,--,w,BT,H,horizon,0,150,N1b1N1N1/1pPpPpPp/1P1P1P1P/8/8/8/8/K1k1B3 w - -
engine_4x.js,chasolver-positions,chasolver-positions:666,--,w,BT,H,horizon,0,138,N1b1N1N1/1pPpPpPp/1P1PkP1P/8/8/8/8/K3B3 w - -
engine_4x.js,chasolver-positions,chasolver-positions:667,--,w,BT,H,horizon,0,131,N1b1N1N1/1pPpPpPp/kP1P1P1P/2K5/8/8/8/4B3 w - -
engine_4x.js,chasolver-positions,chasolver-positions:668,--,w,BT,H,horizon,0,131,N1b1N1N1/1pPpPpPp/1P1P1P1P/2K5/8/8/8/4B2k w - -
engine_4x.js,chasolver-positions,chasolver-positions:669,--,w,BT,H,horizon,0,137,N1b1N1N1/1pPpPpPp/1P1P1P1P/8/8/1K6/3B4/1k6 w - -
engine_4x.js,chasolver-positions,chasolver-positions:670,--,w,BT,H,horizon,0,139,N1b1N1N1/1pPpPpPp/1P1P1P1P/4K3/8/8/8/k7 w - -
engine_4x.js,chasolver-positions,chasolver-positions:671,--,w,BT,H,horizon,0,137,N1b1N1N1/1pPpPpPp/1P1P1P1P/4K3/8/8/8/4k3 w - -
engine_4x.js,chasolver-positions,chasolver-positions:672,--,w,BT,H,horizon,0,143,N1b1N1N1/1pPpPpPp/1P1P1P1P/8/8/8/8/k1K5 w - -
engine_4x.js,chasolver-positions,chasolver-positions:673,--,w,BT,H,horizon,0,143,RN1b1N1N/P1pPpPpP/P1P1P1P1/8/8/8/8/k1K5 w - -
engine_4x.js,chasolver-positions,chasolver-positions:674,--,w,BT,H,horizon,0,143,RN1b1N1b/P1pPpPpP/P1P1P1P1/8/8/8/8/k1K5 w - -
engine_4x.js,chasolver-positions,chasolver-positions:695,--,w,BT,H,budget,0,50001,k7/p1p1p3/8/8/8/P1P1P1p1/6Pp/7K w - -
engine_4x.js,chasolver-positions,chasolver-positions:699,--,w,BT,H,horizon,0,254,8/8/6p1/6P1/6P1/6PK/6PP/k7 w - -
engine_4x.js,chasolver-positions,chasolver-positions:702,--,w,BT,H,horizon,0,253,8/8/6p1/6P1/6PK/6P1/6PP/k7 w - -
engine_4x.js,chasolver-positions,chasolver-positions:705,--,w,BT,H,horizon,0,249,8/6p1/6p1/6P1/6PK/2k3P1/6PP/8 w - -
engine_4x.js,chasolver-positions,chasolver-positions:706,--,w,BT,H,horizon,0,249,8/8/6p1/6P1/6PK/2k3P1/6PP/8 w - -
engine_4x.js,chasolver-positions,chasolver-positions:710,--,w,BT,H,horizon,0,250,8/8/6p1/6P1/6P1/2k3PK/6PP/8 w - -
engine_4x.js,chasolver-positions,chasolver-positions:711,--,w,BT,H,horizon,0,250,8/5p2/5Pp1/6P1/6P1/2k3PK/6PP/8 w - -
engine_4x.js,chasolver-positions,chasolver-positions:712,--,w,BT,H,horizon,0,250,8/7p/6pP/6P1/6P1/2k3PK/6PP/8 w - -
engine_4x.js,chasolver-positions,chasolver-positions:713,--,w,BT,H,horizon,0,241,8/2p5/1pP5/1P1k4/1P6/KP6/PP6/8 w - -
engine_4x.js,chasolver-positions,chasolver-positions:714,--,w,BT,H,horizon,0,226,1k6/2p5/1pP5/1P6/1P6/KP6/PP6/8 w - -
engine_4x.js,chasolver-positions,chasolver-positions:715,--,w,BT,H,horizon,0,247,8/2p5/1pP5/1P6/1P6/KP6/PP6/1k6 w - -
engine_4x.js,chasolver-positions,chasolver-positions:716,--,w,BT,H,horizon,0,247,8/2p5/1pP5/1P6/1P6/KP6/PP6/7k w - -
engine_4x.js,chasolver-positions,chasolver-positions:718,--,w,BT,H,horizon,0,247,8/2p5/1pP5/1P6/KP6/1P6/PP6/7k w - -
engine_4x.js,chasolver-positions,chasolver-positions:722,--,w,BT,H,budget,0,50001,k7/3p1p1p/8/1p6/1P6/KP1P1P1P/PP6/8 w - -
engine_4x.js,chasolver-positions,chasolver-positions:723,--,w,BT,H,budget,0,50001,k7/8/3p1p1p/1p6/1P6/KP6/PP1P1P1P/8 w - -
engine_4x.js,chasolver-positions,chasolver-positions:724,--,w,BT,H,budget,0,50001,k7/3p4/5p1p/1p6/1P6/KP6/PP1P1P1P/8 w - -
engine_4x.js,chasolver-positions,chasolver-positions:726,--,w,BT,H,budget,0,50001,8/3p1p1p/8/1p6/1P6/KP6/PP1P1P1P/k7 w - -
engine_4x.js,chasolver-positions,chasolver-positions:730,--,w,BT,H,budget,0,50001,8/3p1p1p/1p6/1P6/KP6/PP1P4/5P1P/k7 w - -
engine_4x.js,chasolver-positions,chasolver-positions:733,--,w,BT,H,budget,0,50001,8/3p1p1p/1p6/1P6/BP6/KP6/PP1P1P1P/k7 w - -
engine_4x.js,chasolver-positions,chasolver-positions:736,--,w,BT,H,budget,0,50001,8/1p1p1p1p/1P6/KP6/PP6/1P1P4/5P1P/k7 w - -
engine_4x.js,chasolver-positions,chasolver-positions:737,--,w,BT,H,budget,0,50001,8/1p1p1p1p/1P6/KP6/PP6/1P3P2/3P3P/k7 w - -
engine_4x.js,chasolver-positions,chasolver-positions:750,--,w,BT,H,horizon,0,163,k2b1b2/b1b1pPp1/1p1pP1P1/1P1P4/8/8/8/6K1 w - -
engine_4x.js,chasolver-positions,chasolver-positions:751,--,w,BT,H,horizon,0,144,k2b1b2/b3pPp1/1p1pP1P1/1P1P4/8/8/8/6K1 w - -
engine_4x.js,chasolver-positions,chasolver-positions:752,--,w,BT,H,horizon,0,209,k4b2/4pPp1/1p1pP1P1/1P1P4/8/8/8/6K1 w - -
engine_4x.js,chasolver-positions,chasolver-positions:766,--,w,BT,H,budget,0,50001,8/p1p1p3/6p1/6P1/6PK/P5PP/2P1P3/k7 w - -
engine_4x.js,chasolver-positions,chasolver-positions:768,--,w,BT,H,budget,0,50001,8/p1p1p3/8/6p1/6P1/6PK/P1P1P1PP/7k w - -
engine_4x.js,chasolver-positions,chasolver-positions:773,--,w,BT,H,horizon,0,174,6k1/8/8/1p6/1P6/1P1p4/BP1P1B2/KRB5 w - -
engine_4x.js,chasolver-positions,chasolver-positions:775,--,w,BT,H,horizon,0,198,6k1/8/8/1p6/1P2p1p1/1P1pP1P1/BP1P1B2/KRB5 w - -
engine_4x.js,chasolver-positions,chasolver-positions:776,--,w,BT,H,horizon,0,169,6k1/8/8/1p6/1P2pBp1/1P1pP1P1/BP1P4/KRB5 w - -
engine_4x.js,chasolver-positions,chasolver-positions:800,--,w,BT,H,horizon,0,182,k1bK4/1p1p4/1P1Pp3/1p2Pp2/1p3P2/1P1p1P2/3P1P2/8 w - -
engine_4x.js,chasolver-positions,chasolver-positions:801,--,w,BT,H,horizon,0,182,k1bK4/1p1p4/1P1Pp3/4Pp2/1p3P2/1P1p1P2/3P1P2/8 w - -
engine_4x.js,chasolver-positions,chasolver-positions:803,--,w,BT,H,horizon,0,171,k1bK4/1p1p4/1P1Pp3/1p2Pp2/1P1p1P2/3P1P2/5P2/8 w - -
engine_4x.js,chasolver-positions,chasolver-positions:804,--,w,BT,H,horizon,0,171,k1bK4/1p1p4/1P1Pp3/1p2Pp2/1p1p1P2/1P1P1P2/5P2/8 w - -
engine_4x.js,chasolver-positions,chasolver-positions:808,--,w,BT,H,horizon,0,224,8/8/4k1p1/5pP1/4pP1B/3pP1B1/3P1B1B/4B1BK w - -
engine_4x.js,chasolver-positions,chasolver-positions:811,--,w,BT,H,horizon,0,170,5k2/6p1/5pP1/4pP1B/3pP1B1/2pP1B1B/2P1B1B1/3B1BKB w - -
engine_4x.js,chasolver-positions,chasolver-positions:813,--,w,BT,H,horizon,0,194,2Bk4/2pPp3/2P1Pb2/8/8/6p1/6Pp/7K w - -
engine_4x.js,chasolver-positions,chasolver-positions:815,--,w,BT,H,horizon,0,192,2Bk1b2/2p1pPp1/1pP1P1P1/1P4Pp/7P/8/8/7K w - -
engine_4x.js,chasolver-positions,chasolver-positions:823,--,b,WT,H,horizon,0,156,k7/8/8/2p1p3/2PbP3/2pBp3/2P1P3/5K2 b - -
engine_4x.js,chasolver-positions,chasolver-positions:824,--,b,WT,H,horizon,0,142,k7/8/2p1p3/2PbP3/2pBp3/2P1P3/8/5K2 b - -
engine_4x.js,chasolver-positions,chasolver-positions:825,--,b,WT,H,horizon,0,134,k7/8/3p1p2/3PbP2/3pBp2/3P1P2/8/5K2 b - -
engine_4x.js,chasolver-positions,chasolver-positions:826,--,b,WT,H,horizon,0,132,4k3/8/3p1p2/3PbP2/3pBp2/3P1P2/8/4K3 b - -
engine_4x.js,chasolver-positions,chasolver-positions:827,--,b,WT,H,horizon,0,130,4K3/8/3p1p2/3PbP2/3pBp2/3P1P2/8/4k3 b - -
engine_4x.js,chasolver-positions,chasolver-positions:829,--,b,WT,H,horizon,0,129,1k6/8/3p1p2/3PbP2/2KpBp2/3P1P2/2B5/8 b - -
engine_4x.js,chasolver-positions,chasolver-positions:830,--,b,WT,H,horizon,0,199,k1b5/1p1pB3/1P1P4/2K5/8/8/8/8 b - -
engine_4x.js,chasolver-positions,chasolver-positions:831,--,b,WT,H,horizon,0,199,k1b5/1p1p4/1P1P4/2K5/8/8/8/8 b - -
engine_4x.js,chasolver-positions,chasolver-positions:832,--,b,WT,H,horizon,0,150,k1b2K2/1p1pB3/1P1P4/8/8/8/8/8 b - -
engine_4x.js,chasolver-positions,chasolver-positions:833,--,b,WT,H,horizon,0,202,k1b5/1p1pB3/1P1P4/K7/8/8/8/8 b - -
engine_4x.js,chasolver-positions,chasolver-positions:835,--,b,WT,H,horizon,0,194,8/8/1k6/p1p5/PbP5/pBp5/P1P5/1K6 b - -
engine_4x.js,chasolver-positions,chasolver-positions:836,--,w,BT,H,horizon,0,131,4k3/8/3p1p2/3PbP2/3pBp2/3P1P2/8/4K3 w - -
engine_4x.js,chasolver-positions,chasolver-positions:841,--,w,BT,H,horizon,0,166,2b1bk1B/1p1b1p1p/1Pp1pP1P/2P1P3/8/8/8/5K2 w - -
engine_4x.js,chasolver-positions,chasolver-positions:843,--,w,BT,H,horizon,0,204,2b1bk1B/1p3p1p/1Pp1pP1P/2P1P3/8/7K/8/8 w - -
engine_4x.js,chasolver-positions,chasolver-positions:851,--,w,BT,H,horizon,0,152,2B1B1B1/pBpBpBpB/P1P1P1P1/4k3/8/8/4K3/8 w - -
engine_4x.js,chasolver-positions,chasolver-positions:852,--,w,BT,H,horizon,0,129,3k4/2p1p3/2PbP3/2pBp3/2P1P3/3K4/8/8 w - -
engine_4x.js,chasolver-positions,chasolver-positions:853,--,w,BT,H,horizon,0,185,n2k4/2p1p3/1pPbP3/1PpBp3/2P1P3/3K4/8/8 w - -
engine_4x.js,chasolver-positions,chasolver-positions:854,--,w,BT,H,horizon,0,155,8/k7/1p6/bP6/Bp6/1P6/K7/8 w - -
engine_4x.js,chasolver-positions,chasolver-positions:856,--,w,BT,H,horizon,0,201,8/k7/8/1p6/bP6/Bp6/1P6/1K6 w - -
engine_4x.js,chasolver-positions,chasolver-positions:857,--,w,BT,H,horizon,0,174,k7/8/1p6/bP6/Bp6/1P6/8/1K6 w - -
engine_4x.js,chasolver-positions,chasolver-positions:858,--,w,BT,H,horizon,0,174,1k6/8/1p6/bP6/Bp6/1P6/8/1K6 w - -
engine_4x.js,chasolver-positions,chasolver-positions:888,--,w,BT,H,horizon,0,211,k7/1p6/pPp5/2p1p3/P1P1P1p1/6P1/8/3K4 w - -
engine_4x.js,chasolver-positions,chasolver-positions:889,--,w,BT,H,horizon,0,132,k7/1p6/bP6/Bp6/1P6/8/8/K7 w - -
engine_4x.js,chasolver-positions,chasolver-positions:890,--,w,BT,H,horizon,0,194,k7/1p6/bP6/Bp6/1P6/4p1p1/4P1P1/5BK1 w - -
engine_4x.js,chasolver-positions,chasolver-positions:891,--,w,BT,H,horizon,0,191,k7/1p6/bP6/Bp6/1P6/K7/8/8 w - -
engine_4x.js,chasolver-positions,chasolver-positions:896,--,w,BT,H,horizon,0,158,k6n/1p3p2/bP3Pp1/Bp2p1P1/1P1pP1p1/3P1pP1/5P2/6KN w - -
engine_4x.js,chasolver-positions,chasolver-positions:899,--,w,BT,H,horizon,0,181,1nk5/1p1p2p1/bPpP2P1/BpP5/1P6/8/8/7K w - -
engine_4x.js,chasolver-positions,chasolver-positions:900,--,w,BT,H,horizon,0,181,1nk5/1p1p1p2/bPpPbP2/BpPpBp2/1P1P1P2/8/8/7K w - -
engine_4x.js,chasolver-positions,chasolver-positions:901,--,w,BT,H,horizon,0,181,1nk5/1p1p1p2/bPbPbP2/BpPpBp2/1P1P1P2/8/8/7K w - -
engine_4x.js,chasolver-positions,chasolver-positions:903,--,w,BT,H,horizon,0,179,1nb1k3/1p1p4/bPbPp3/BpPpPp1p/1P1P1P1P/8/8/7K w - -
engine_4x.js,chasolver-positions,chasolver-positions:906,--,w,BT,H,horizon,0,181,qnbk4/pb1p2p1/p1pP2P1/PpP5/1P6/8/8/7K w - -
engine_4x.js,chasolver-positions,chasolver-positions:907,--,w,BT,H,horizon,0,181,qrbk4/pb1p2p1/p1pP2P1/PpP5/1P6/8/8/7K w - -
engine_4x.js,chasolver-positions,chasolver-positions:909,--,w,BT,H,horizon,0,197,qrbk4/pb1p2p1/p1pP2P1/P1P5/1K6/8/8/8 w - -
engine_4x.js,chasolver-positions,chasolver-positions:911,--,w,BT,H,horizon,0,178,qrbk4/pb1p4/p1pP4/PpP5/pBp5/P1P5/3K4/8 w - -
engine_4x.js,chasolver-positions,chasolver-positions:912,--,w,BT,H,horizon,0,255,8/6p1/6P1/6P1/6PK/6PP/8/6k1 w - -
engine_4x.js,chasolver-positions,chasolver-positions:913,--,w,BT,H,horizon,0,243,8/8/6p1/6P1/6PK/6P1/6PP/6k1 w - -
engine_4x.js,chasolver-positions,chasolver-positions:914,--,w,BT,H,horizon,0,237,6k1/8/6p1/6P1/6PK/6P1/6PP/8 w - -
engine_4x.js,chasolver-positions,chasolver-positions:915,--,w,BT,H,horizon,0,235,6k1/6p1/6P1/6P1/6PK/6PP/8/8 w - -
engine_4x.js,chasolver-positions,chasolver-positions:916,--,w,BT,H,horizon,0,235,6k1/6p1/6P1/6PK/6P1/6PP/8/8 w - -
engine_4x.js,chasolver-positions,chasolver-positions:917,--,w,BT,H,horizon,0,206,8/1p6/kPp5/2P5/1pP5/1P1K4/8/8 w - -
engine_4x.js,chasolver-positions,chasolver-positions:918,--,w,BT,H,horizon,0,227,8/k7/1p6/1P6/1P6/KP6/PP6/8 w - -
engine_4x.js,chasolver-positions,chasolver-positions:922,--,w,BT,H,horizon,0,203,8/8/8/5k2/p1p1p3/P1PpPp1p/PB1P1P1P/QRBNK3 w - -
engine_4x.js,chasolver-positions,chasolver-positions:923,--,w,BT,H,horizon,0,200,8/8/8/5k2/p1p1p2p/P1PpPp1P/PB1P1P2/QRBNK3 w - -
engine_4x.js,chasolver-positions,chasolver-positions:924,--,w,BT,H,horizon,0,209,8/8/5k2/6p1/p1p1p1P1/P1PpPp2/PB1P1P2/QRBNK3 w - -
engine_4x.js,chasolver-positions,chasolver-positions:925,--,w,BT,H,horizon,0,204,8/5k2/8/6p1/p1p1p1P1/P1PpPp2/PB1P1P2/QRBNK3 w - -
engine_4x.js,chasolver-positions,chasolver-positions:929,--,w,BT,H,horizon,0,212,8/8/6p1/2k2pP1/p1p1pP2/P1PpP3/PB1P1K2/RRB5 w - -
engine_4x.js,chasolver-positions,chasolver-positions:930,--,w,BT,H,horizon,0,212,8/8/6p1/2k2pP1/p1p1pP2/P1PpP3/PB1P1K2/QRB5 w - -
engine_4x.js,chasolver-positions,chasolver-positions:933,--,w,BT,H,horizon,0,201,Bk2b3/1P1p4/1P1Pp3/2K1Pp2/5Pp1/6Pp/7P/8 w - -
engine_4x.js,chasolver-positions,chasolver-positions:934,--,w,BT,H,horizon,0,201,1k2b3/1P1p4/BP1Pp3/1PK1Pp2/5Pp1/6Pp/7P/8 w - -
engine_4x.js,chasolver-positions,chasolver-positions:937,--,w,BT,H,horizon,0,273,Bk3b2/1P2p3/1P1pPp2/1p1P1Pp1/1P4P1/8/6K1/8 w - -
engine_4x.js,chasolver-positions,chasolver-positions:938,--,w,BT,H,horizon,0,210,Bk3b2/1P2p3/1Pp1Pp2/2Pp1Pp1/3P2P1/8/6K1/8 w - -
engine_4x.js,chasolver-positions,chasolver-positions:950,--,w,BT,H,horizon,0,177,N1b1k1N1/1pPpPp1p/1P1P1P1P/8/8/8/8/1b4K1 w - -
engine_4x.js,chasolver-positions,chasolver-positions:951,--,w,BT,H,horizon,0,134,N1b1N1N1/1pPpPpPp/1P1P1P1P/8/8/8/8/kb4K1 w - -
engine_4x.js,chasolver-positions,chasolver-positions:952,--,w,BT,H,horizon,0,155,N1b1N1N1/1pPpPpPp/1P1P1P1P/8/8/8/8/k5K1 w - -
engine_4x.js,chasolver-positions,chasolver-positions:954,--,w,BT,H,horizon,0,133,N1b1N1N1/1pPpPpPp/1P1P1P1P/8/8/8/8/k3B1K1 w - -
engine_4x.js,chasolver-positions,chasolver-positions:960,--,w,BT,H,horizon,0,198,N1b5/1pPp4/1P1p1k2/3p4/3p4/3Pp1p1/4PpP1/K4B1n w - -
engine_4x.js,chasolver-positions,chasolver-positions:961,--,w,BT,H,horizon,0,198,N1b5/1pPp4/1P1p1k2/3p4/3P4/3Pp1p1/4PpP1/K4B1n w - -
engine_4x.js,chasolver-positions,chasolver-positions:971,--,w,BT,H,horizon,0,192,1kb4K/1p1p4/1P1P4/8/8/8/8/8 w - -
engine_4x.js,chasolver-positions,chasolver-positions:972,--,w,BT,H,horizon,0,216,1kb5/1p1p4/1P1P4/6p1/6Pb/6p1/6P1/7K w - -
engine_4x.js,chasolver-positions,chasolver-positions:973,--,w,BT,H,horizon,0,216,1kb5/1p1p4/1P1P2p1/6p1/6Pb/6p1/6P1/7K w - -
engine_4x.js,chasolver-positions,chasolver-positions:974,--,w,BT,H,horizon,0,216,1kb5/1p1p2p1/1P1P2p1/6p1/6Pb/6p1/6P1/7K w - -
engine_4x.js,chasolver-positions,chasolver-positions:980,--,w,BT,H,horizon,0,200,3k4/8/8/8/1p6/1Pp1p1p1/2P1P1P1/1B3BRK w - -
engine_4x.js,chasolver-positions,chasolver-positions:982,--,w,BT,H,horizon,0,204,8/8/3k4/8/1p1p4/1P1Pp1p1/4P1P1/1B3BRK w - -
engine_4x.js,chasolver-positions,chasolver-positions:987,--,w,BT,H,horizon,0,146,8/8/3k4/2p1p3/1pP1P3/1P2p1p1/B3P1P1/1B1B1BRK w - -
engine_4x.js,chasolver-positions,chasolver-positions:989,--,w,BT,H,horizon,0,167,3k4/2p1p3/2P1P3/2pBp3/2P1P3/3Bp1p1/4P1P1/5BRK w - -
engine_4x.js,chasolver-positions,chasolver-positions:993,--,w,BT,H,horizon,0,185,k1b5/1p1p4/1P1P4/B7/8/8/8/K7 w - -
engine_4x.js,chasolver-positions,chasolver-positions:994,--,w,BT,H,horizon,0,156,k1b5/1p1p4/1P1P4/B7/8/2B5/8/K7 w - -
engine_4x.js,chasolver-positions,chasolver-positions:1004,--,b,WT,H,horizon,0,212,8/1p6/kPp5/2P5/1pP5/1P6/3K4/8 b - -
engine_4x.js,chasolver-positions,chasolver-positions:1005,--,b,WT,H,horizon,0,220,8/1p6/1p6/kPp5/2P5/1pP5/1P1K4/8 b - -
engine_4x.js,chasolver-positions,chasolver-positions:1006,--,b,WT,H,horizon,0,218,8/8/1p6/kPp5/2P5/1pP5/1P1K4/8 b - -
engine_4x.js,chasolver-positions,chasolver-positions:1007,--,b,WT,H,horizon,0,206,8/1p6/kPp5/2P5/p1P5/P7/3K4/8 b - -
engine_4x.js,chasolver-positions,chasolver-positions:1008,--,b,WT,H,horizon,0,215,8/1p6/kPp5/2P5/p1P5/P7/P2K4/8 b - -
engine_4x.js,chasolver-positions,chasolver-positions:1009,--,b,WT,H,horizon,0,206,8/1p6/kPp5/p1P5/2P5/P7/3K4/8 b - -
engine_4x.js,chasolver-positions,chasolver-positions:1010,--,w,BT,H,horizon,0,210,8/1p6/kPp5/p1P5/2P5/P7/3K4/8 w - -
engine_4x.js,chasolver-positions,chasolver-positions:1011,--,w,BT,H,horizon,0,212,8/1p6/kPp5/p1P5/2P5/PK6/8/8 w - -
engine_4x.js,chasolver-positions,chasolver-positions:1012,--,w,BT,H,horizon,0,209,8/8/1p6/kPp5/p1P5/2P5/PK6/8 w - -
engine_4x.js,chasolver-positions,chasolver-positions:1027,-B,b,WT,H,horizon,0,125,3k4/4b3/8/p1pBp1p1/P1PbP1P1/5B2/8/1B1K4 b - -
engine_4x.js,chasolver-positions,chasolver-positions:1028,--,b,WT,H,horizon,0,125,3k4/4b3/8/p1pBp1p1/P1PbP1P1/8/8/1B1K4 b - -
engine_4x.js,chasolver-positions,chasolver-positions:1032,--,b,WT,H,horizon,0,134,4K3/2p1p3/2PbP3/2pBp3/2PbP3/2pBp3/2PbP3/4k3 b - -
engine_4x.js,chasolver-positions,chasolver-positions:1033,--,b,WT,H,horizon,0,175,4K3/2p1p3/2PbP3/2pBp3/2PbP3/2pBp3/2P1P3/4k3 b - -
engine_4x.js,chasolver-positions,chasolver-positions:1034,--,b,WT,H,horizon,0,177,8/2pKp3/2PbP3/2pBp3/2PbP3/2pBp3/2PkP3/8 b - -
engine_4x.js,chasolver-positions,chasolver-positions:1040,--,w,BT,H,horizon,0,150,4k3/8/3p1p2/3PbP2/3pBp2/3P1P2/4B3/4K3 w - -
engine_4x.js,chasolver-positions,chasolver-positions:1041,--,w,BT,H,horizon,0,129,k7/2K5/3p1p2/3PbP2/3pBp2/3P1P2/4B3/8 w - -
engine_4x.js,chasolver-positions,chasolver-positions:1042,--,w,BT,H,horizon,0,133,k7/3B4/K2p1p2/3PbP2/3pBp2/3P1P2/8/8 w - -
engine_4x.js,chasolver-positions,chasolver-positions:1051,--,w,BT,H,horizon,0,178,4k3/8/8/1p4p1/1P1p1pP1/BP1P1P2/BP1P4/R1B2K2 w - -
engine_4x.js,chasolver-positions,chasolver-positions:1054,--,w,BT,H,horizon,0,190,4k3/8/8/1p6/1P1p1p2/BP1P1Pp1/BPBPB1P1/Q1BB1BK1 w - -
engine_4x.js,chasolver-positions,chasolver-positions:1056,--,w,BT,H,horizon,0,208,4k3/8/8/1p6/1P1p1p2/1P1P1Pp1/BPBPB1P1/NBBB1BK1 w - -
engine_4x.js,chasolver-positions,chasolver-positions:1057,--,w,BT,H,horizon,0,195,4k3/8/8/8/1p1p1p2/1P1P1Pp1/BPBPB1P1/NBBB1BK1 w - -
engine_4x.js,chasolver-positions,chasolver-positions:1058,--,w,BT,H,horizon,0,195,4k3/8/8/8/1p1p1p2/1P1P1Pp1/BPBPB1P1/NB1B1BK1 w - -
engine_4x.js,chasolver-positions,chasolver-positions:1059,--,w,BT,H,horizon,0,195,4k3/8/8/8/1p1p1p2/1P1P1Pp1/B1BPB1P1/NB1B1BK1 w - -
engine_4x.js,chasolver-positions,chasolver-positions:1060,--,w,BT,H,horizon,0,195,4k3/8/8/8/1p1p1p2/1P1P1Pp1/B1B1B1P1/NB1B1BK1 w - -
engine_4x.js,chasolver-positions,chasolver-positions:1061,--,w,BT,H,horizon,0,195,4k3/8/8/8/1p1p1p2/1P1P1Pp1/B1B1B1P1/1B1B1BK1 w - -
engine_4x.js,chasolver-positions,chasolver-positions:1062,--,w,BT,H,horizon,0,198,4k3/8/8/8/1p1p1p1p/1P1P1P1P/B1B1B3/1B1B1BK1 w - -
engine_4x.js,chasolver-positions,chasolver-positions:1068,--,w,BT,H,horizon,0,133,2k5/8/8/1p6/1P1p1p2/BP1P1Pp1/1PBP2P1/RBBB2K1 w - -
engine_4x.js,chasolver-positions,chasolver-positions:1093,--,w,BT,H,horizon,0,138,4k3/8/8/8/1p6/1Pp1p1p1/2P1PpP1/1B1K1Bb1 w - -
engine_4x.js,chasolver-positions,chasolver-positions:1094,--,w,BT,H,horizon,0,154,4k3/8/1p6/pP6/Kp6/1Pp1p1p1/2P1PpP1/1B3Bb1 w - -
engine_4x.js,chasolver-positions,chasolver-positions:1095,--,w,BT,H,horizon,0,145,8/8/8/8/1p5k/1Pp1p1p1/2P1PpP1/1B1K1Bb1 w - -
engine_4x.js,chasolver-positions,chasolver-positions:1096,--,w,BT,H,horizon,0,149,8/8/8/8/1p1k4/1Pp1p1p1/2P1PpP1/1B1K1Bb1 w - -
engine_4x.js,chasolver-positions,chasolver-positions:1098,--,w,BT,H,horizon,0,148,8/8/8/8/1p4k1/1Pp1p1p1/2P1PpP1/1B1K1Bb1 w - -
engine_4x.js,chasolver-positions,chasolver-positions:1099,--,w,BT,H,horizon,0,206,1k6/1p6/1Pp5/n1P5/N1p5/1pP5/1P6/1K6 w - -
engine_4x.js,chasolver-positions,chasolver-positions:1101,--,w,BT,H,horizon,0,129,1k6/1p6/1Pp5/n1P5/N1p5/1pP5/1P6/1KB5 w - -
engine_4x.js,chasolver-positions,chasolver-positions:1102,--,w,BT,H,horizon,0,129,k7/1p6/1Pp5/n1P5/N1p2B2/1pP5/1P6/1K6 w - -
engine_4x.js,chasolver-positions,chasolver-positions:1103,--,w,BT,H,horizon,0,154,k7/1pK5/1Pp5/n1P5/N1p2B2/1pP5/1P6/8 w - -
engine_4x.js,chasolver-positions,chasolver-positions:1104,--,w,BT,H,horizon,0,184,k7/1pK5/1Pp5/n1P5/N1p5/1pP5/1P6/8 w - -
engine_4x.js,chasolver-positions,chasolver-positions:1105,--,w,BT,H,horizon,0,201,k7/1p6/1Pp5/n1P5/N1p5/1pP5/1P6/1K6 w - -
engine_4x.js,chasolver-positions,chasolver-positions:1106,--,w,BT,H,horizon,0,191,1k6/p1p5/P1Pp4/1n1P4/1N1p4/p1pP4/P1P5/1K6 w - -
engine_4x.js,chasolver-positions,chasolver-positions:1107,--,w,BT,H,horizon,0,186,1k6/1p1p4/pP1Pp3/P1n1P3/p1N1p3/Pp1pP3/1P1P4/1K6 w - -
engine_4x.js,chasolver-positions,chasolver-positions:1108,--,w,BT,H,horizon,0,191,1k6/2p1p3/1pP1Pp2/1P1n1P2/1p1N1p2/1Pp1pP2/2P1P3/1K6 w - -
engine_4x.js,chasolver-positions,chasolver-positions:1109,--,w,BT,H,horizon,0,184,1k6/2p1p3/1pP1Pp2/1P1n1P2/1p1N1p2/1Pp1pP2/2P1P3/3K4 w - -
engine_4x.js,chasolver-positions,chasolver-positions:1110,--,w,BT,H,horizon,0,137,4k3/3p1p2/2pP1Pp1/2P1n1P1/2p1N1p1/2Pp1pP1/3P1P2/4K3 w - -
engine_4x.js,chasolver-positions,chasolver-positions:1112,--,w,BT,H,horizon,0,129,4k3/2p1p3/2PbP3/2pBp3/2P1P3/8/8/4K3 w - -
engine_4x.js,chasolver-positions,chasolver-positions:1113,--,w,BT,H,horizon,0,134,4k3/p1p5/PbP5/pBp5/P1P5/8/8/4K3 w - -
engine_4x.js,chasolver-positions,chasolver-positions:1114,--,w,BT,H,horizon,0,164,k1K5/p1p5/PbP5/pBp5/P1P5/8/8/8 w - -
engine_4x.js,chasolver-positions,chasolver-positions:1121,--,w,BT,H,horizon,0,181,3k4/2p1p3/1pP1Pp2/1P1n1P2/1p1N1p2/1Pp1pP2/2P1P3/3K4 w - -
engine_4x.js,chasolver-positions,chasolver-positions:1122,--,w,BT,H,horizon,0,206,3k4/1p6/1Pp5/n1P5/N1p5/1pP5/1P6/3K4 w - -
engine_4x.js,chasolver-positions,chasolver-positions:1123,--,w,BT,H,horizon,0,215,8/1p6/pP6/P1p5/2p5/KpP5/1P6/1k6 w - -
engine_4x.js,chasolver-positions,chasolver-positions:1124,--,w,BT,H,horizon,0,215,8/8/p7/P1p5/2p5/KpP5/1P6/1k6 w - -
engine_4x.js,chasolver-positions,chasolver-positions:1125,--,w,BT,H,horizon,0,206,4k3/1p6/1Pp5/n1P5/N1p5/1pP5/1P6/4K3 w - -
engine_4x.js,chasolver-positions,chasolver-positions:1129,--,w,BT,H,horizon,0,196,k7/1p6/1Pp5/n1P5/N1p5/1pP5/1P6/K1B5 w - -
engine_4x.js,chasolver-positions,chasolver-positions:1130,--,w,BT,H,horizon,0,189,k7/1p6/1Pp5/n1P5/N1p5/1pPp4/1P1P4/K1B5 w - -
engine_4x.js,chasolver-positions,chasolver-positions:1131,--,w,BT,H,horizon,0,128,k7/1p6/1Pp5/n1P5/N1p5/1pP1B3/1P1B4/K7 w - -
engine_4x.js,chasolver-positions,chasolver-positions:1133,--,w,BT,H,horizon,0,215,k1b5/1p1p4/1PpP4/2Pp4/N1pP4/1pP5/1P6/K7 w - -
engine_4x.js,chasolver-positions,chasolver-positions:1134,--,w,BT,H,horizon,0,136,k1b5/1p1p4/1PpP4/2Pp4/N1pP4/1pP5/1P1B4/K7 w - -
engine_4x.js,chasolver-positions,chasolver-positions:1135,--,w,BT,H,horizon,0,130,k1b5/1p1p4/1PpP4/2Pp4/N1pP4/1pP1B3/1P1B4/K7 w - -
engine_4x.js,chasolver-positions,chasolver-positions:1136,--,w,BT,H,horizon,0,126,k1b5/1pBpB3/1PpP4/2Pp4/N1pP4/1pP5/1P6/K7 w - -
engine_4x.js,chasolver-positions,chasolver-positions:1137,--,w,BT,H,horizon,0,127,k1b5/1p1pB3/1PpP4/2PpB3/N1pP4/1pP5/1P6/K7 w - -
engine_4x.js,chasolver-positions,chasolver-positions:1146,--,w,BT,H,horizon,0,225,2b1kBBQ/3pPRPP/p1pP1PP1/P1P5/8/6K1/8/8 w - -
engine_4x.js,chasolver-positions,chasolver-positions:1147,--,w,BT,H,horizon,0,225,2b1kBRQ/3pPRPP/p1pP1PP1/P1P5/8/6K1/8/8 w - -
engine_4x.js,chasolver-positions,chasolver-positions:1148,--,w,BT,H,horizon,0,225,2b1kBQQ/3pPRPP/p1pP1PP1/P1P5/8/6K1/8/8 w - -
engine_4x.js,chasolver-positions,chasolver-positions:1150,--,w,BT,H,horizon,0,184,5kBN/4pPRP/4PpPP/5Pp1/5bP1/8/6K1/8 w - -
engine_4x.js,chasolver-positions,chasolver-positions:1152,W-,w,BT,H,horizon,0,220,rnb3b1/pk1p1p2/p1pP1Pp1/P1P3P1/R1P5/P7/8/4K3 w - -
engine_4x.js,chasolver-positions,chasolver-positions:1153,W-,w,BT,H,horizon,0,212,rnb3b1/pk1p1p2/p1pP1Pp1/P1P3P1/RKP5/P7/8/8 w - -
engine_4x.js,chasolver-positions,chasolver-positions:1154,--,w,BT,H,horizon,0,214,rnb3b1/pk1p1p2/p1pP1Pp1/P1P3P1/1KP5/P7/8/8 w - -
engine_4x.js,chasolver-positions,chasolver-positions:1155,W-,w,BT,H,horizon,0,205,rnb3b1/pk1p4/p1pPp1p1/P1P1P1P1/RKP5/P7/8/8 w - -
engine_4x.js,chasolver-positions,chasolver-positions:1157,W-,w,BT,H,horizon,0,187,rnb3b1/pk1p4/p1pPp1p1/P1P1P1P1/R1P2K2/P7/8/8 w - -
engine_4x.js,chasolver-positions,chasolver-positions:1165,--,w,BT,H,horizon,0,206,8/1p6/kPp5/2P5/1pP5/1P6/2K5/8 w - -
engine_4x.js,chasolver-positions,chasolver-positions:1166,--,w,BT,H,horizon,0,217,8/1p6/kPp5/2P5/p1P5/P7/2K5/8 w - -
engine_4x.js,chasolver-positions,chasolver-positions:1169,--,w,BT,H,horizon,0,140,NBb1N1N1/1pPpPpPp/1P1P1P1P/8/8/8/2k5/K7 w - -
engine_4x.js,chasolver-positions,chasolver-positions:1173,--,w,BT,H,horizon,0,172,NBb1N1k1/1pPpPpPp/1P1P1PbP/2K5/8/8/8/8 w - -
engine_4x.js,chasolver-positions,chasolver-positions:1174,--,w,BT,H,horizon,0,172,1Bb1N1k1/1pPpPpPp/1P1P1PbP/2K5/8/8/8/8 w - -
engine_4x.js,chasolver-positions,chasolver-positions:1176,--,w,BT,H,horizon,0,140,1Bb1N1k1/1pPpPpPp/1P1P1PbP/8/8/8/8/6K1 w - -
engine_4x.js,chasolver-positions,chasolver-positions:1211,--,w,BT,H,horizon,0,160,8/8/8/8/1p1b4/1Pp1p3/ppPpP3/krbK1B2 w - -
engine_4x.js,chasolver-positions,chasolver-positions:1213,--,w,BT,H,horizon,0,177,8/8/8/p1p5/P1Pb4/2p1p3/ppPpP3/krbK1B2 w - -
engine_4x.js,chasolver-positions,chasolver-positions:1218,--,w,BT,H,horizon,0,154,K1k5/PpPpB3/1P1P4/8/b7/8/8/8 w - -
engine_4x.js,chasolver-positions,chasolver-positions:1220,--,w,BT,H,horizon,0,161,K1k5/P1PpB3/2pP4/1pP5/bP6/8/8/8 w - -
engine_4x.js,chasolver-positions,chasolver-positions:1245,--,w,BT,H,horizon,0,187,k1b5/Pp6/1P6/8/8/1p6/pP6/K1B5 w - -
engine_4x.js,chasolver-positions,chasolver-positions:1246,--,w,BT,H,horizon,0,128,k1b5/Pp6/1P6/8/8/1p6/pP1B4/K1B5 w - -
engine_4x.js,chasolver-positions,chasolver-positions:1247,--,w,BT,H,horizon,0,128,k1b5/Pp1b4/1P6/8/8/1p6/pP1B4/K1B5 w - -
engine_4x.js,chasolver-positions,chasolver-positions:1248,--,w,BT,H,horizon,0,123,k1b5/Pp1b4/1P2b2B/5bB1/5Bb1/1p2B2b/pP1B4/K1B5 w - -
engine_4x.js,chasolver-positions,chasolver-positions:1249,--,w,BT,H,horizon,0,178,k1b1b1b1/Pp1b1b1b/1P6/8/8/1p6/pP1B1B1B/K1B1B1B1 w - -
engine_4x.js,chasolver-positions,chasolver-positions:1258,--,w,BT,H,horizon,0,229,8/8/1p5k/1P6/KP6/1P6/PP6/8 w - -
engine_4x.js,chasolver-positions,chasolver-positions:1267,--,w,BT,H,horizon,0,225,k7/8/p1p5/2P1p1p1/PpP1P1P1/1P1K4/8/8 w - -
engine_4x.js,chasolver-positions,chasolver-positions:1268,--,w,BT,H,horizon,0,223,k7/8/p1p2p2/2P2P1p/PpP4P/1P1K4/8/8 w - -
engine_4x.js,chasolver-positions,chasolver-positions:1270,--,w,BT,H,horizon,0,220,k7/8/p1p3p1/2P1p1Pp/PpP1Pp2/1P1K1p1P/5P2/8 w - -
engine_4x.js,chasolver-positions,chasolver-positions:1271,--,w,BT,H,horizon,0,221,k7/8/p1p3p1/2P1p1Pp/PpP1Pp2/1P1K1P1P/8/8 w - -
engine_4x.js,chasolver-positions,chasolver-positions:1286,--,w,BT,H,horizon,0,142,b7/2k5/p1p1p3/p1P1Pp2/P4Pp1/1p1p2P1/1P1P4/K1B5 w - -
engine_4x.js,chasolver-positions,chasolver-positions:1313,--,w,BT,H,horizon,0,196,1k6/8/8/p1p5/PbP5/pBp5/P1P5/1K6 w - -
engine_4x.js,chasolver-positions,chasolver-positions:1314,--,w,BT,H,horizon,0,198,1k6/8/8/1p6/bP6/Bp6/1P6/1K6 w - -
engine_4x.js,chasolver-positions,chasolver-positions:1328,--,b,WT,H,horizon,0,130,5b2/8/7p/5p1P/5p1K/5Pp1/6P1/5kb1 b - -
engine_4x.js,chasolver-positions,chasolver-positions:1332,--,w,BT,H,horizon,0,379,8/1k4p1/6P1/6PK/6P1/6PR/7P/8 w - -
engine_4x.js,chasolver-positions,chasolver-positions:1338,W-,w,BT,H,horizon,0,145,7b/1k5B/7b/8/1p1p1p1p/1PpP1P1P/2P3K1/N7 w - -
engine_4x.js,chasolver-positions,chasolver-positions:1340,--,w,BT,H,horizon,0,128,8/8/7p/5p1P/5p1K/5Pp1/6P1/5kb1 w - -
engine_4x.js,chasolver-positions,chasolver-positions:1341,W-,w,BT,H,horizon,0,145,7b/1k5B/8/6b1/1p1p1p1p/1PpP1P1P/2P3K1/N7 w - -
engine_4x.js,chasolver-positions,chasolver-positions:1363,--,b,WT,H,horizon,0,152,8/2k5/4b3/1p1p1pBp/1P1P1P1P/8/3K1B2/8 b - -
engine_4x.js,chasolver-positions,chasolver-positions:1364,--,b,WT,H,horizon,0,129,8/2k5/4b3/1p1p1pBp/1P1P1P1P/8/2bK1B2/8 b - -
engine_4x.js,chasolver-positions,chasolver-positions:1368,--,b,WT,H,horizon,0,200,8/8/8/p1p4k/PbP5/pBp5/P1P3K1/8 b - -
engine_4x.js,chasolver-positions,chasolver-positions:1379,--,b,WT,H,horizon,0,130,8/2b5/1b5p/b4p1P/5p1K/5Pp1/6P1/5kb1 b - -
engine_4x.js,chasolver-positions,chasolver-positions:1380,--,b,WT,H,horizon,0,128,8/8/7p/2b2p1P/1bkb1p1K/2b2Pp1/6P1/8 b - -
engine_4x.js,chasolver-positions,chasolver-positions:1399,--,b,WT,H,horizon,0,130,8/b7/1b5p/2b2p1P/3b1p1K/4bPp1/6P1/5kb1 b - -
engine_4x.js,chasolver-positions,chasolver-positions:1400,--,b,WT,H,horizon,0,135,8/8/7p/5p1P/5p1K/4bPp1/5bPb/4bkb1 b - -
engine_4x.js,chasolver-positions,chasolver-positions:1401,--,w,BT,H,horizon,0,184,2k5/8/8/8/3p1p1p/1BpP1P1P/2P1BPBP/3BKBNR w K -
engine_4x.js,chasolver-positions,chasolver-positions:1402,--,w,BT,H,horizon,0,166,2k5/8/8/8/2Bp1p1p/1BpP1P1P/2P1BPBP/3BKBNR w K -
engine_4x.js,chasolver-positions,chasolver-positions:1403,--,w,BT,H,horizon,0,160,2k5/8/8/3B4/2Bp1p1p/1BpP1P1P/2P1BPBP/3BKBNR w K -
engine_4x.js,chasolver-positions,chasolver-positions:1415,--,b,WT,H,horizon,0,162,7b/3B2Q1/4Bk2/p1p1p1p1/P1P1P1P1/8/8/4K3 b - -
engine_4x.js,chasolver-positions,chasolver-positions:1432,--,w,BT,H,horizon,0,138,8/2k5/5b2/p1p1pBp1/P1P1P1P1/5K2/4B3/8 w - -
engine_4x.js,chasolver-positions,chasolver-positions:1433,W-,w,BT,H,horizon,0,138,5b2/2k5/5b2/p1p1pBp1/P1P1P1P1/5K2/4B3/8 w - -
engine_4x.js,chasolver-positions,chasolver-positions:1490,--,w,BT,H,horizon,0,121,1b1b1b1b/4k3/8/p1p1p1p1/P1P1P1P1/8/8/1B1BKB1B w - -
engine_4x.js,chasolver-positions,chasolver-positions:1491,--,w,BT,H,horizon,0,123,1b1b1b1b/4k3/8/p1p1p1p1/P1P1P1P1/8/6B1/1B1BKB1B w - -
engine_4x.js,chasolver-positions,chasolver-positions:1501,W-,w,BT,H,budget,0,50001,1k6/1P1p1p1p/BP6/1P6/8/8/3P1PKP/8 w - -
engine_4x.js,chasolver-positions,chasolver-positions:1502,W-,w,BT,H,budget,0,50001,1k6/1P3p1p/BP1p4/1P6/8/8/3P1PKP/8 w - -
engine_4x.js,chasolver-positions,chasolver-positions:1503,W-,w,BT,H,budget,0,50001,1k6/1P3p1p/BP1p4/1P6/3P4/8/5PKP/8 w - -
engine_4x.js,chasolver-positions,chasolver-positions:1504,W-,w,BT,H,budget,0,50001,1k6/1P3p1p/BP1p4/1P6/8/3P4/5PKP/8 w - -
engine_4x.js,chasolver-positions,chasolver-positions:1505,W-,w,BT,H,budget,0,50001,1k6/1P5p/BP1p1p2/1P6/3P4/8/5PKP/8 w - -
engine_4x.js,chasolver-positions,chasolver-positions:1506,W-,w,BT,H,budget,0,50001,1k6/1P5p/BP1p1p2/1P6/8/3P4/5PKP/8 w - -
engine_4x.js,chasolver-positions,chasolver-positions:1507,W-,w,BT,H,budget,0,50001,1k6/1P5p/BP1p1p2/1P6/8/8/3P1PKP/8 w - -
engine_4x.js,chasolver-positions,chasolver-positions:1508,W-,w,BT,H,budget,0,50001,1k6/1P5p/BP3p2/1P1p4/8/8/3P1PKP/8 w - -
engine_4x.js,chasolver-positions,chasolver-positions:1509,W-,w,BT,H,budget,0,50001,1k6/1P5p/BP6/1P1p1p2/8/8/3P1PKP/8 w - -
engine_4x.js,chasolver-positions,chasolver-positions:1510,--,b,WT,H,budget,0,50001,1k6/1P5p/BP6/1P1p1p2/8/8/3P1PKP/8 b - -
engine_4x.js,chasolver-positions,chasolver-positions:1519,W-,w,BT,H,horizon,0,169,1N5N/1P6/Bp1p1p1p/1PbPkP1P/K2pBp2/3P1P2/8/8 w - -
engine_4x.js,chasolver-positions,chasolver-positions:1529,--,w,BT,H,horizon,0,201,k7/1p6/1Pp5/n1P5/N1p5/1pP5/1P6/K7 w - -
engine_4x.js,chasolver-positions,chasolver-positions:1530,--,w,BT,H,horizon,0,157,K7/1p6/1Pp5/n1P5/N1p5/1pP5/1P6/k7 w - -
engine_4x.js,chasolver-positions,chasolver-positions:1531,--,w,BT,H,horizon,0,177,K7/8/1p6/bP6/Bp6/1P6/8/k7 w - -
engine_4x.js,chasolver-positions,chasolver-positions:1535,--,w,BT,H,horizon,0,199,3k4/8/8/7p/5p1P/1p1p1P2/1PpP4/2B3K1 w - -
engine_4x.js,chasolver-positions,chasolver-positions:1536,W-,w,BT,H,horizon,0,209,1k6/1p6/1P6/BP6/BP6/1P6/2K5/8 w - -
engine_4x.js,chasolver-positions,chasolver-positions:1540,--,w,BT,H,horizon,0,237,8/6k1/6p1/6P1/6PK/6P1/6PP/8 w - -
engine_4x.js,chasolver-positions,chasolver-positions:1546,--,w,BT,H,horizon,0,184,3k4/8/1p4p1/bP4Pb/Bp4pB/1P4P1/3K4/8 w - -
engine_4x.js,chasolver-positions,chasolver-positions:1548,--,w,BT,H,horizon,0,197,k7/1p6/1Pp1p3/n1PbP3/N1pBp3/1pP1P3/1P6/K7 w - -
engine_4x.js,chasolver-positions,chasolver-positions:1550,--,w,BT,H,horizon,0,139,8/3k4/2p1p3/2PbP3/2pBp3/2P1P3/3K4/8 w - -
engine_4x.js,chasolver-positions,chasolver-positions:1551,--,w,BT,H,horizon,0,181,3k4/2p1p3/1pP1Pp2/bP1n1P2/Bp1N1p2/1Pp1pP2/2P1P3/3K4 w - -
engine_4x.js,chasolver-positions,chasolver-positions:1553,--,w,BT,H,horizon,0,159,8/2k5/1p1p1p1p/bPbPbPbP/BpBpBpBp/1P1P1P1P/2K5/8 w - -
engine_4x.js,chasolver-positions,chasolver-positions:1583,--,b,WT,H,horizon,0,144,8/5k1B/7b/8/1p1p1p1p/1PpP1P1P/2P3K1/N3b3 b - -
engine_4x.js,chasolver-positions,chasolver-positions:1584,--,b,WT,H,horizon,0,142,8/6kB/7b/8/1p1p1p1p/1PpP1P1P/2P3K1/N3b3 b - -
engine_4x.js,chasolver-positions,chasolver-positions:1618,--,w,BT,H,horizon,0,138,8/8/8/4k3/1p1p1p1p/1PpP1P1P/2P1Bb2/3K2b1 w - -
engine_4x.js,chasolver-positions,chasolver-positions:1619,--,w,BT,H,horizon,0,132,8/8/3b4/2b1k3/1p1p1p1p/1PpP1P1P/2P1B3/3K4 w - -
engine_4x.js,chasolver-positions,chasolver-positions:1620,W-,w,BT,H,horizon,0,133,8/8/3b4/2b1k3/1p1p1pBp/1PpP1P1P/2P5/3K4 w - -
engine_4x.js,chasolver-positions,chasolver-positions:1623,W-,w,BT,H,horizon,0,142,8/8/2kb4/2b5/1p1p1pBp/1P1P1P1P/8/3K4 w - -
engine_4x.js,chasolver-positions,chasolver-positions:1627,--,w,BT,H,horizon,0,129,8/8/2k5/8/1p1p1p1p/1PpP1PpP/2PbB1P1/5B1K w - -
engine_4x.js,chasolver-positions,chasolver-positions:1628,--,w,BT,H,horizon,0,172,8/8/2k5/8/1p1p1p1p/1PpP1PpP/2PbB1P1/1K3B2 w - -
engine_4x.js,chasolver-positions,chasolver-positions:1631,--,w,BT,H,horizon,0,132,2k5/4p1p1/4PbP1/4pBp1/4P1P1/8/8/2K5 w - -
engine_4x.js,chasolver-positions,chasolver-positions:1632,--,w,BT,H,horizon,0,200,8/k2p1p2/1p1PbP2/bP1pBp2/Bp1P1P2/1P6/8/2K5 w - -
engine_4x.js,chasolver-positions,chasolver-positions:1633,--,w,BT,H,horizon,0,143,1k6/8/1p1p1p2/bP1PbP2/Bp1pBp2/1P1P1P2/4B3/3K4 w - -
engine_4x.js,chasolver-positions,chasolver-positions:1634,--,w,BT,H,horizon,0,150,1k6/8/3p1p2/3PbP2/3pBp2/3P1P2/4B3/3K4 w - -
engine_4x.js,chasolver-positions,chasolver-positions:1644,--,w,BT,H,budget,0,50001,6k1/p3p1P1/6PB/p5P1/2p5/P3P3/2PK4/8 w - -
engine_4x.js,chasolver-positions,chasolver-positions:1710,--,b,WT,H,budget,0,50001,1k6/1P6/BP5p/pPp4p/8/8/P1P3KP/8 b - -
engine_4x.js,chasolver-positions,chasolver-positions:1714,--,b,WT,H,budget,0,50001,1k6/1P5p/BP6/pPp4p/8/8/P1P4P/7K b - -
engine_4x.js,chasolver-positions,chasolver-positions:1732,--,w,BT,H,horizon,0,185,8/1p6/1Pp3p1/k1P3p1/1pP3Pb/1P4p1/6P1/7K w - -
engine_4x.js,chasolver-positions,chasolver-positions:1733,--,w,BT,H,horizon,0,145,2b1b1k1/1b1p1b2/b1pPp3/1pP1Pp2/pP3Pp1/P5Pp/7P/4K3 w - -
engine_4x.js,chasolver-positions,chasolver-positions:1739,--,w,BT,H,horizon,0,131,4k3/1p1p1p1p/1P1P1P1P/8/8/2B1B1B1/3B1B2/2B1K3 w - -
engine_4x.js,chasolver-positions,chasolver-positions:1741,--,w,BT,H,horizon,0,129,4k3/1p1p1p1p/1P1P1P1P/8/8/2B1B1B1/3B1B2/4K3 w - -
engine_4x.js,chasolver-positions,chasolver-positions:1744,--,w,BT,H,horizon,0,143,k1b5/1p6/1Pp5/n1P5/N1p5/1pP5/1P6/K7 w - -
engine_4x.js,chasolver-positions,chasolver-positions:1745,--,w,BT,H,horizon,0,175,k7/8/1p6/bP6/Bp6/1P6/8/K7 w - -
engine_4x.js,chasolver-positions,chasolver-positions:1750,--,w,BT,H,horizon,0,162,1k6/1p6/1Pp3p1/2P1p1Pb/N1p1P1pP/1pP3P1/1P6/1K6 w - -
engine_4x.js,chasolver-positions,chasolver-positions:1787,--,b,WT,H,horizon,0,204,8/5k2/8/8/5p1p/p1p1pP1P/P1PpP1B1/3B2KB b - -
engine_4x.js,chasolver-positions,chasolver-positions:1789,--,w,BT,H,horizon,0,200,8/5k2/8/8/5p1p/p1p1pP1P/P1PpP1B1/3B2KB w - -
engine_4x.js,chasolver-positions,chasolver-positions:1790,--,w,BT,H,horizon,0,161,8/5k2/8/8/5p1p/p1p1pP1P/P1P1P1B1/6KB w - -
engine_4x.js,chasolver-positions,chasolver-positions:1791,--,w,BT,H,horizon,0,168,7k/5p1P/5P2/8/5p1p/p1p1pP1P/P1P1P1B1/6KB w - -
engine_4x.js,chasolver-positions,chasolver-positions:1793,--,w,BT,H,horizon,0,217,8/1p6/kPp5/2P5/p1P5/P1K5/8/8 w - -
engine_4x.js,chasolver-positions,chasolver-positions:1795,--,w,BT,H,horizon,0,135,N1b1N1N1/1pPpPpPp/kP1P1P1P/8/8/8/2K5/8 w - -
engine_4x.js,chasolver-positions,chasolver-positions:1796,--,w,BT,H,horizon,0,135,N1b1N1N1/1pPpPpPp/kP1P1P1P/8/1K6/8/8/8 w - -
engine_4x.js,chasolver-positions,chasolver-positions:1799,--,w,BT,H,horizon,0,209,1b2kBRQ/2p1P1PP/1pP1P3/1P6/8/8/6K1/8 w - -
engine_4x.js,chasolver-positions,chasolver-positions:1801,--,w,BT,H,horizon,0,132,8/3k4/3p1p1p/3PbPbP/3pBpBp/3P1P1P/4K3/8 w - -
engine_4x.js,chasolver-positions,chasolver-positions:1802,--,w,BT,H,horizon,0,177,8/3k4/1p1p1p1p/1PbPbPbP/1pBpBpBp/1P1P1P1P/4K3/8 w - -
engine_4x.js,chasolver-positions,chasolver-positions:1803,--,w,BT,H,horizon,0,211,8/1p6/1Pp5/k1P5/p1P5/P7/5K2/8 w - -
engine_4x.js,chasolver-positions,chasolver-positions:1804,--,w,BT,H,horizon,0,211,8/1p6/1PpB4/k1P5/p1P5/P7/5K2/8 w - -
engine_4x.js,chasolver-positions,chasolver-positions:1809,--,w,BT,H,horizon,0,211,8/1p6/1PpBp1p1/k1P1P1P1/p1P5/P7/5K2/8 w - -
engine_4x.js,chasolver-positions,chasolver-positions:1812,--,w,BT,H,horizon,0,211,8/1p2B3/1PpBp1p1/k1P1P1P1/p1P5/P7/5K2/8 w - -
engine_4x.js,chasolver-positions,chasolver-positions:1813,--,w,BT,H,horizon,0,211,8/1p2B3/1PpB4/k1P5/p1P5/P7/5K2/8 w - -
engine_4x.js,chasolver-positions,chasolver-positions:1814,--,w,BT,H,horizon,0,211,8/1p2B1B1/1PpB1B2/k1P5/p1P5/P7/5K2/8 w - -
engine_4x.js,chasolver-positions,chasolver-positions:1815,--,w,BT,H,horizon,0,200,8/1p2B1B1/1PpB1B2/k1P1B3/p1P2B2/P7/5K2/8 w - -
engine_4x.js,chasolver-positions,chasolver-positions:1817,--,w,BT,H,horizon,0,213,8/1p6/kPp5/2P5/1pP5/1P6/5K2/8 w - -
engine_4x.js,chasolver-positions,chasolver-positions:1818,W-,w,BT,H,horizon,0,122,8/4k3/3b1b2/p1pBp1p1/P1P1P1P1/8/4K3/8 w - -
engine_4x.js,chasolver-positions,chasolver-positions:1819,W-,w,BT,H,horizon,0,131,8/4k1b1/3b1b2/p1pBp1p1/P1P1P1P1/8/4K3/8 w - -
engine_4x.js,chasolver-positions,chasolver-positions:1820,W-,w,BT,H,horizon,0,122,8/4k3/3b1b2/p1pBp1p1/P1P1P1P1/3B4/4K3/8 w - -
engine_4x.js,chasolver-positions,chasolver-positions:1834,--,b,WT,H,horizon,0,166,8/B7/1B2k3/B1B5/pBp1p1p1/P1P1P1P1/4K3/8 b - -
engine_4x.js,chasolver-positions,chasolver-positions:1872,--,w,BT,H,horizon,0,211,8/8/6k1/8/6p1/Kp1p1pPp/pPpPpPbn/n1n1nb1b w - -
engine_4x.js,chasolver-positions,chasolver-positions:1873,--,w,BT,H,horizon,0,159,8/8/2K3k1/8/6p1/1p1p1pPp/pPpPpPbn/n1n1nb1b w - -
engine_4x.js,chasolver-positions,chasolver-positions:1874,--,w,BT,H,horizon,0,159,8/8/2K3k1/8/6p1/1p1p1pPp/pPpPpPbn/n1n1Bbrb w - -
engine_4x.js,chasolver-positions,chasolver-positions:1875,--,w,BT,H,horizon,0,159,8/8/2K3k1/8/6p1/1p1p1pPp/pPpPpPbn/nbn1Bb1b w - -
engine_4x.js,chasolver-positions,chasolver-positions:1882,--,w,BT,H,horizon,0,227,8/8/7p/5p1P/5p1K/5Pp1/6P1/1k6 w - -
engine_4x.js,chasolver-positions,chasolver-positions:1895,--,w,BT,H,horizon,0,138,k1bB4/8/2p1p1p1/1pPpPpP1/1P1P1P2/8/8/K1Bb4 w - -
engine_4x.js,chasolver-positions,chasolver-positions:1900,--,w,BT,H,horizon,0,135,8/b7/7p/1k3p1P/5p1K/5Pp1/6P1/8 w - -
engine_4x.js,chasolver-positions,chasolver-positions:1903,--,b,WT,H,horizon,0,138,nb2kBBN/2p1PRRN/1pP2PPQ/1P4PP/8/8/4P3/6K1 b - -
engine_4x.js,chasolver-positions,chasolver-positions:1904,--,w,BT,H,horizon,0,138,nb2kBB1/2p1PRRN/1pP2PPQ/1P4PP/8/8/4P3/6K1 w - -
engine_4x.js,chasolver-positions,chasolver-positions:1906,--,b,WT,H,horizon,0,138,nb2kBB1/2p1PRRN/1pP2PPQ/1P4PP/8/8/4P3/6K1 b - -
engine_4x.js,chasolver-positions,chasolver-positions:1944,W-,w,BT,H,horizon,0,172,Bk6/2b4B/3b2B1/5B2/4B3/p1pB1B2/PpP1B3/1K6 w - -
engine_4x.js,chasolver-positions,chasolver-positions:1946,--,w,BT,H,horizon,0,138,nb2kBBN/2p1PRRN/1pP2PPQ/1P4PP/8/8/4P3/6K1 w - -
engine_4x.js,chasolver-positions,chasolver-positions:1947,--,w,BT,H,horizon,0,138,nb2kBB1/2p1PRRN/1pP2PPP/1P4P1/8/8/4P3/6K1 w - -
engine_4x.js,chasolver-positions,chasolver-positions:1949,-B,b,WT,H,horizon,0,187,7k/5b2/p7/rbp5/p1p1p1p1/P1PpP1P1/RK1P4/RNB1B3 b - -
engine_4x.js,chasolver-positions,chasolver-positions:1950,--,b,WT,H,horizon,0,165,8/6Q1/4Bk2/p1p1pBp1/P1P1P1P1/8/8/4K3 b - -
engine_4x.js,chasolver-positions,chasolver-positions:1969,--,w,BT,H,horizon,0,127,1k6/pPp5/BpP4b/1P6/8/8/8/3B2K1 w - -
engine_4x.js,chasolver-positions,chasolver-positions:1982,W-,w,BT,H,horizon,0,134,5b1b/8/1k1p1p2/3PpP2/3pKp2/3P1P2/8/3B1B2 w - -
engine_4x.js,chasolver-positions,chasolver-positions:1983,--,w,BT,H,horizon,0,138,7b/8/1k1p1p2/3PpP2/3pKp2/3P1P2/8/3B1B2 w - -
engine_4x.js,chasolver-positions,chasolver-positions:1986,--,w,BT,H,horizon,0,138,8/8/1k1p1p2/3PbP2/3pBp2/3P1P2/8/3B1K2 w - -
engine_4x.js,chasolver-positions,chasolver-positions:1991,--,w,BT,H,horizon,0,175,6b1/8/1k6/3p1p2/3PpP1B/3pKp2/3P1P2/B7 w - -
engine_4x.js,chasolver-positions,chasolver-positions:1992,--,w,BT,H,horizon,0,157,8/8/1k1p1p2/3PbP2/3pKp2/b2P1P2/8/3B4 w - -
engine_4x.js,chasolver-positions,chasolver-positions:1993,--,w,BT,H,horizon,0,132,8/8/1k1p1p2/3PbP2/3pKp2/b2P1P2/8/3B1B2 w - -
engine_4x.js,chasolver-positions,chasolver-positions:1994,--,w,BT,H,horizon,0,132,8/8/1k1p1p2/3PpP2/3pKp2/b2P1P2/8/3B1B2 w - -
engine_4x.js,chasolver-positions,chasolver-positions:1995,--,w,BT,H,horizon,0,133,nb2kBN1/2p1PRRN/1pP1PPPQ/1P4PP/8/8/8/1B4K1 w - -
engine_4x.js,chasolver-positions,chasolver-positions:1996,--,w,BT,H,horizon,0,121,nb2kBN1/2p1PRRN/1pP1PPPP/1P4P1/8/8/8/1B3BK1 w - -
engine_4x.js,chasolver-positions,chasolver-positions:2007,-B,b,WT,H,horizon,0,151,1k1K4/pPp5/BpP4b/1P6/8/5B2/8/3B4 b - -
engine_4x.js,chasolver-positions,chasolver-positions:2008,-B,b,WT,H,horizon,0,129,1k6/pPp5/BpP4b/1P6/8/7B/8/5B1K b - -
engine_4x.js,chasolver-positions,chasolver-positions:2009,-B,b,WT,H,horizon,0,129,1k6/bPp5/BpP4b/1P6/8/7B/8/5B1K b - -
engine_4x.js,chasolver-positions,chasolver-positions:2015,--,w,BT,H,horizon,0,145,nb2kBN1/2p1PRRN/1pP2PPQ/1P2p1PP/8/8/4P3/6K1 w - -
engine_4x.js,chasolver-positions,chasolver-positions:2017,--,w,BT,H,horizon,0,173,3K4/8/8/8/8/p1p2p1p/P1pppp1P/bnrqkrnb w - -
engine_4x.js,chasolver-positions,chasolver-positions:2021,--,w,BT,H,horizon,0,150,8/1k6/4p1p1/1p1pP1Pp/1P1P3P/1b6/4b3/BK6 w - -
engine_4x.js,chasolver-positions,chasolver-positions:2025,--,w,BT,H,horizon,0,143,6b1/1p1k4/4p1p1/1p1pP1P1/1P1P4/Bb6/1b6/1K6 w - -
engine_4x.js,chasolver-positions,chasolver-positions:2026,--,w,BT,H,horizon,0,161,1b6/4k1p1/1p1p4/1P1Pp1p1/4P1P1/6bB/6r1/5K2 w - -
engine_4x.js,chasolver-positions,chasolver-positions:2031,--,b,WT,H,horizon,0,132,1bB5/k7/Q6q/8/1pBp1p1p/1PpP1P1P/K1P5/NB2b3 b - -
engine_4x.js,chasolver-positions,chasolver-positions:2032,--,b,WT,H,horizon,0,132,1bB5/k7/Q5q1/8/1pBp1p1p/1PpP1P1P/K1P5/NB2b3 b - -
engine_4x.js,chasolver-positions,chasolver-positions:2034,--,b,WT,H,horizon,0,126,1bB5/k7/R5r1/8/1pBp1p1p/1PpP1PbP/K1P4b/RB6 b - -
engine_4x.js,chasolver-positions,chasolver-positions:2035,--,w,BT,H,horizon,0,126,1bB5/k7/r7/8/1pBp1p1p/1PpP1PbP/K1P4b/RB6 w - -
engine_4x.js,chasolver-positions,chasolver-positions:2036,--,b,WT,H,horizon,0,131,B7/1b6/2k5/8/1p1p1p1p/1PpP1PbP/K1P4b/NB6 b - -
engine_4x.js,chasolver-positions,chasolver-positions:2037,--,b,WT,H,horizon,0,128,7B/6b1/5k2/8/p1p1p1p1/P1P1PpP1/4bP1K/6BN b - -
engine_4x.js,chasolver-positions,chasolver-positions:2041,--,b,WT,H,horizon,0,138,B7/1b6/2k5/8/1p1p1p1p/1PpP1P1P/K1Pb4/NB6 b - -
engine_4x.js,chasolver-positions,chasolver-positions:2043,--,b,WT,H,horizon,0,140,B7/1b6/2k5/8/1p1p1p1p/1PpP1P1P/K1P4b/NB6 b - -
engine_4x.js,chasolver-positions,chasolver-positions:2044,--,b,WT,H,horizon,0,140,B2b4/1b6/2k5/8/1p1p1p1p/1PpP1P1P/K1P4b/NB6 b - -
engine_4x.js,chasolver-positions,chasolver-positions:2053,-B,b,WT,H,horizon,0,490,6Q1/8/8/8/ppp5/qkp3b1/rnp5/n1K5 b - -
engine_4x.js,chasolver-positions,chasolver-positions:2055,-B,b,WT,H,horizon,0,409,6Q1/8/4n3/8/ppp5/qkp3b1/rnp5/n1K5 b - -
engine_4x.js,chasolver-positions,chasolver-positions:2056,-B,b,WT,H,horizon,0,309,6Q1/8/4b3/8/ppp5/qkp3b1/rnp5/n1K5 b - -
engine_4x.js,chasolver-positions,chasolver-positions:2057,-B,b,WT,H,horizon,0,304,6Q1/8/4b3/8/ppp5/qkp3r1/rnp5/n1K5 b - -
engine_4x.js,chasolver-positions,chasolver-positions:2059,-B,b,WT,H,horizon,0,414,8/5ppp/8/8/ppp5/bkp4Q/qnp5/n1K5 b - -
engine_4x.js,chasolver-positions,chasolver-positions:2060,-B,b,WT,H,horizon,0,457,8/6pp/8/8/ppp5/bkp4Q/qnp2p2/n1K5 b - -
engine_4x.js,chasolver-positions,chasolver-positions:2061,-B,b,WT,H,horizon,0,444,8/6pp/8/4q3/ppp5/bkp4Q/qnp2p2/n1K5 b - -
engine_4x.js,chasolver-positions,chasolver-positions:2062,-B,b,WT,H,horizon,0,370,8/4b3/6r1/4q3/ppp5/bkp4Q/qnp5/n1K5 b - -
engine_4x.js,chasolver-positions,chasolver-positions:2063,-B,b,WT,H,horizon,0,455,8/6pp/8/8/ppp5/bkp4Q/qnp5/n1K5 b - -
engine_4x.js,chasolver-positions,chasolver-positions:2090,-B,b,WT,H,horizon,0,161,bn1n2k1/2p2p2/2p2Pp1/1pKp1pP1/1P1P1P2/8/8/2B5 b - -
engine_4x.js,chasolver-positions,chasolver-positions:2091,-B,b,WT,H,horizon,0,209,bn1n2k1/2pp1p2/2p2Pp1/1pKp1pP1/1P1P1P2/8/8/2B5 b - -
engine_4x.js,chasolver-positions,chasolver-positions:2092,-B,b,WT,H,horizon,0,156,bn1n2k1/2p2p1b/2p2Pp1/1pKp1pP1/1P1P1P2/8/8/2B5 b - -
engine_4x.js,chasolver-positions,chasolver-positions:2093,-B,b,WT,H,horizon,0,124,bn1n2k1/2p2p1b/2p2Pp1/1pKp1pP1/1P1P1P2/8/8/2B3B1 b - -
engine_4x.js,chasolver-positions,chasolver-positions:2094,-B,b,WT,H,horizon,0,122,bn1n2k1/2p2p1b/2p2Pp1/1pKp1pP1/1P1P1P2/8/5B2/2B3B1 b - -
engine_4x.js,chasolver-positions,chasolver-positions:2095,-B,b,WT,H,horizon,0,123,bn1n2k1/2p2p1b/2p2Pp1/1pKp1pP1/1P1P1P2/8/5B2/2B1B1B1 b - -
engine_4x.js,chasolver-positions,chasolver-positions:2096,-B,b,WT,H,horizon,0,122,bn1n2k1/2p2p2/2p2Pp1/1pKp1pP1/1P1P1P2/8/8/B1B1B1B1 b - -
engine_4x.js,chasolver-positions,chasolver-positions:2097,-B,b,WT,H,horizon,0,222,6k1/1ppp1p2/2b2Pp1/1pKp1pP1/1P1P1P2/8/8/B1B1B1B1 b - -
engine_4x.js,chasolver-positions,chasolver-positions:2098,-B,b,WT,H,horizon,0,134,3b4/6k1/1ppp4/2b3p1/1pKp1pP1/1P1P1P2/8/1BbB1B1B b - -
engine_4x.js,chasolver-positions,chasolver-positions:2099,-B,b,WT,H,horizon,0,145,3b4/6k1/1ppp4/2b3p1/1pKp1pP1/1P1P1P2/8/1BbB1B2 b - -
engine_4x.js,chasolver-positions,chasolver-positions:2100,-B,b,WT,H,horizon,0,189,8/2b4B/4k3/8/8/2p1p1p1/2PpP1P1/3K3n b - -
engine_4x.js,chasolver-positions,chasolver-positions:2101,-B,b,WT,H,horizon,0,180,8/2b4B/4k3/8/8/2p1p1p1/2PpP1P1/1B1K3n b - -
engine_4x.js,chasolver-positions,chasolver-positions:2103,-B,b,WT,H,horizon,0,164,6B1/b7/2k5/p1p1p1pB/P1P1P1P1/pp6/rp6/1K2b3 b - -
engine_4x.js,chasolver-positions,chasolver-positions:2104,-B,b,WT,H,horizon,0,176,b4B2/8/4k2B/1p6/1Pp1p1p1/ppP1P1P1/rp6/1K6 b - -
engine_4x.js,chasolver-positions,chasolver-positions:2105,-B,b,WT,H,horizon,0,229,7B/1b6/3k4/Bp1p4/1P1Pp1p1/1pppP1P1/2p5/2K5 b - -
engine_4x.js,chasolver-positions,chasolver-positions:2106,-B,b,WT,H,horizon,0,158,7B/1b6/3k4/1p1p4/1P1Pp1p1/1pppP1P1/2p5/2K2b2 b - -
engine_4x.js,chasolver-positions,chasolver-positions:2107,-B,b,WT,H,horizon,0,234,6bB/8/3k3B/1p1p4/1P1Pp1p1/1pppP1P1/2p5/2K5 b - -
engine_4x.js,chasolver-positions,chasolver-positions:2108,-B,b,WT,H,horizon,0,211,B6b/8/4k3/2p1p1pB/1pP1P1P1/1Pppp3/3p4/3K4 b - -
engine_4x.js,chasolver-positions,chasolver-positions:2109,--,b,WT,H,horizon,0,120,B2b4/8/8/4k3/1p6/1Pp1p1pB/K1P1P1Pb/NB6 b - -
engine_4x.js,chasolver-positions,chasolver-positions:2110,--,b,WT,H,horizon,0,120,B2b4/8/8/4k3/1p6/1Pp1p1pB/K1P1P1Pb/RB6 b - -
engine_4x.js,chasolver-positions,chasolver-positions:2111,--,b,WT,H,horizon,0,136,B2b4/8/8/4k3/1p1p1p1p/1PpP1P1P/K1P4b/RB6 b - -
engine_4x.js,chasolver-positions,chasolver-positions:2112,--,b,WT,H,horizon,0,145,B2b4/8/8/4k3/1p1p1p1p/1PpP1P1P/K1P5/RB6 b - -
engine_4x.js,chasolver-positions,chasolver-positions:2113,--,b,WT,H,horizon,0,143,B2b4/8/8/4k2B/1p1p1p1p/1PpP1P1P/K1P5/RB6 b - -
engine_4x.js,chasolver-positions,chasolver-positions:2114,--,b,WT,H,horizon,0,132,B2b4/8/8/4k2B/1p1p1p1p/1PpP1P1P/K1P5/RB4b1 b - -
engine_4x.js,chasolver-positions,chasolver-positions:2115,--,b,WT,H,horizon,0,138,B2b4/8/8/4k3/1p1p1p1p/1PpP1P1P/K1P5/RB4b1 b - -
engine_4x.js,chasolver-positions,chasolver-positions:2156,--,b,WT,H,horizon,0,177,8/8/8/4k2B/1p1p4/1P1Pp1p1/4P1P1/2b2BRK b - -
engine_4x.js,chasolver-positions,chasolver-positions:2157,--,b,WT,H,horizon,0,177,8/2b5/8/4k2B/1p1p4/1P1Pp1p1/4P1P1/2b2BRK b - -
engine_4x.js,chasolver-positions,chasolver-positions:2158,--,b,WT,H,horizon,0,129,8/8/4k3/b7/Bp1p4/1P1Pp1p1/4P1P1/2b2B1K b - -
engine_4x.js,chasolver-positions,chasolver-positions:2160,--,w,BT,H,horizon,0,125,8/5B1B/7b/8/3p1p1p/2pP1PpP/2PpBkP1/3K1BN1 w - -
engine_4x.js,chasolver-positions,chasolver-positions:2161,--,w,BT,H,horizon,0,129,8/5B1B/5b1b/8/3p1p1p/2pP1PpP/2PpBkP1/3K1BN1 w - -
engine_4x.js,chasolver-positions,chasolver-positions:2162,--,w,BT,H,horizon,0,131,8/7B/7b/8/3p1p1p/2pPbPpP/2PpBkP1/3KbBN1 w - -
engine_4x.js,chasolver-positions,chasolver-positions:2163,W-,w,BT,H,horizon,0,131,8/7B/7b/8/3p1p2/2pPpPp1/2PpBkP1/3K1BN1 w - -
engine_4x.js,chasolver-positions,chasolver-positions:2164,W-,w,BT,H,horizon,0,129,8/5BbB/7b/8/3p1p2/2pPpPp1/2PpBkP1/3K1BN1 w - -
engine_4x.js,chasolver-positions,chasolver-positions:2166,--,w,BT,H,horizon,0,133,8/7B/7b/8/3p1p1p/b1pP1PpP/B1PpBkP1/3K1BN1 w - -
engine_4x.js,chasolver-positions,chasolver-positions:2167,--,w,BT,H,horizon,0,130,8/5B1B/5b2/8/3p1p1p/2pP1PpP/2PpBkP1/3K1BN1 w - -
engine_4x.js,chasolver-positions,chasolver-positions:2168,--,w,BT,H,horizon,0,130,8/7B/7b/8/3p1p1p/b1pP1PpP/B1PpBkP1/3K1BRB w - -
engine_4x.js,chasolver-positions,chasolver-positions:2171,--,b,WT,H,horizon,0,189,8/8/1p6/bPp5/PpP2k2/1Pp5/B1P5/RB5K b - -
engine_4x.js,chasolver-positions,chasolver-positions:2172,-B,b,WT,H,horizon,0,166,8/6b1/1p6/bPp5/PpP2k2/1Pp5/B1P5/RB5K b - -
engine_4x.js,chasolver-positions,chasolver-positions:2173,--,b,WT,H,horizon,0,181,8/8/1p2K3/bPp5/PpP5/1Pp5/B1P1k1B1/RB6 b - -
engine_4x.js,chasolver-positions,chasolver-positions:2175,-B,b,WT,H,horizon,0,192,1b2k3/8/1p2K3/bP6/Pp6/1Pp5/B1P5/RB6 b - -
engine_4x.js,chasolver-positions,chasolver-positions:2176,-B,b,WT,H,horizon,0,192,1b2k3/8/1p2K3/bP6/Pp6/1Pp5/B1P5/NB6 b - -
engine_4x.js,chasolver-positions,chasolver-positions:2177,--,b,WT,H,horizon,0,153,4k3/8/1p2K3/bP5B/Pp6/1Pp5/B1P5/NB6 b - -
engine_4x.js,chasolver-positions,chasolver-positions:2182,-B,b,WT,H,horizon,0,177,7k/4b3/1p1p1pBp/1P1P1P1P/1p6/2p5/p1p5/rbK5 b - -
engine_4x.js,chasolver-positions,chasolver-positions:2183,-B,b,WT,H,horizon,0,186,3k4/4b3/1p1p2B1/1P1Pp1p1/1p2P1P1/2p5/p1p5/rbK5 b - -
engine_4x.js,chasolver-positions,chasolver-positions:2184,-B,b,WT,H,horizon,0,168,8/1p6/1k4p1/1b3pP1/4pP1B/p2pP3/p1pP4/rbK5 b - -
engine_4x.js,chasolver-positions,chasolver-positions:2185,-B,b,WT,H,horizon,0,148,8/1p6/1k6/1b6/4p1p1/p2pP1P1/p1pP3B/rbK5 b - -
engine_4x.js,chasolver-positions,chasolver-positions:2186,-B,b,WT,H,horizon,0,148,8/1p4p1/1k6/1b6/4p1p1/p2pP1P1/p1pP3B/rbK5 b - -
engine_4x.js,chasolver-positions,chasolver-positions:2187,-B,b,WT,H,horizon,0,151,8/1p4p1/1k6/1b6/4p1p1/pb1pP1P1/p1pP3B/rbK5 b - -
engine_4x.js,chasolver-positions,chasolver-positions:2190,-B,b,WT,H,horizon,0,158,8/1p4p1/6k1/6b1/1p1p4/1P1Pp2p/4Pp1p/1B3Kbr b - -
engine_4x.js,chasolver-positions,chasolver-positions:2191,-B,b,WT,H,horizon,0,131,8/3p2p1/6k1/6b1/1p1p4/1P1Pp1bp/B3Pp1p/3B1Kbr b - -
engine_4x.js,chasolver-positions,chasolver-positions:2193,-B,b,WT,H,horizon,0,130,8/1p4p1/1b1b2k1/6b1/1p1p4/1P1Pp1bp/4Pp1p/1B3Kbr b - -
engine_4x.js,chasolver-positions,chasolver-positions:2194,-B,b,WT,H,horizon,0,130,1k6/1p4p1/1b1b2P1/6b1/1p1p4/1P1Pp1bp/4Pp1p/1B3Kbr b - -
engine_4x.js,chasolver-positions,chasolver-positions:2196,--,b,WT,H,horizon,0,139,3b1kBR/4pP1P/1pBpP1pP/1P1P2p1/6p1/6p1/KP4P1/8 b - -
engine_4x.js,chasolver-positions,chasolver-positions:2199,--,b,WT,H,horizon,0,142,3b1kBR/4pP1P/1pBpP1pP/1P1P2P1/8/8/KP6/8 b - -
engine_4x.js,chasolver-positions,chasolver-positions:2212,W-,w,BT,H,horizon,0,148,2b5/1p6/pPp1p1p1/BkP1P1P1/1P6/KPp5/2P5/8 w - -
engine_4x.js,chasolver-positions,chasolver-positions:2214,W-,w,BT,H,horizon,0,168,2b5/1p6/pPp1p1p1/BkP1P1P1/1P2p2K/1Pp5/2P1P3/8 w - -
engine_4x.js,chasolver-positions,chasolver-positions:2220,W-,w,BT,H,horizon,0,128,8/1p5b/pPp1p1p1/BkP1P1P1/1P1Bp3/1PK1P3/1BPB4/8 w - -
engine_4x.js,chasolver-positions,chasolver-positions:2221,W-,w,BT,H,horizon,0,127,8/1p5b/pPp1p1p1/BkP1P1P1/1P1B4/BPB5/PKPB4/8 w - -
engine_4x.js,chasolver-positions,chasolver-positions:2223,W-,w,BT,H,horizon,0,146,8/1p3b2/pPp1p1p1/BkP1P1P1/1P1B4/BPB5/PKP5/8 w - -
engine_4x.js,chasolver-positions,chasolver-positions:2224,W-,w,BT,H,horizon,0,146,8/1p3b2/pPp1p1p1/BkP1P1P1/1P6/BPB5/PKP5/8 w - -
engine_4x.js,chasolver-positions,chasolver-positions:2226,W-,w,BT,H,horizon,0,138,8/1p3b2/pPp1p1p1/BkP1P1P1/1P6/KPB5/P1P5/8 w - -
engine_4x.js,chasolver-positions,chasolver-positions:2231,--,b,WT,H,horizon,0,124,1k4b1/1P1p4/BP1Pp1p1/1P2P1P1/pB6/Pp2K3/1P5B/8 b - -
engine_4x.js,chasolver-positions,chasolver-positions:2232,--,b,WT,H,horizon,0,128,1k4b1/1P1p4/BP1Pp1p1/1P2P1P1/p7/PpB5/1P1B4/K7 b - -
engine_4x.js,chasolver-positions,chasolver-positions:2233,--,b,WT,H,horizon,0,125,1k4b1/1P1p4/BP1Pp1p1/1P2P1P1/8/PpB5/1P1B4/K7 b - -
engine_4x.js,chasolver-positions,chasolver-positions:2234,--,b,WT,H,horizon,0,140,1k4b1/1P1p4/BP1Pp1p1/1P2P1P1/8/P1B5/1P1B4/K7 b - -
engine_4x.js,chasolver-positions,chasolver-positions:2236,--,w,BT,H,horizon,0,170,8/1p2k3/bPp5/BpP3K1/1P6/8/1P6/8 w - -
engine_4x.js,chasolver-positions,chasolver-positions:2237,--,b,WT,H,horizon,0,135,8/1p2k3/bPp5/BpP5/1P4K1/8/1P6/8 b - -
engine_4x.js,chasolver-positions,chasolver-positions:2247,--,b,WT,H,horizon,0,191,1k6/p1p1p1p1/P1P1P1P1/p1p1p1p1/8/8/P1P1P1P1/4K3 b - -
engine_4x.js,chasolver-positions,chasolver-positions:2283,--,w,BT,H,horizon,0,135,2b1k3/8/8/1p1p1p1p/1P1P1P1P/8/3B4/2B1K3 w - -
engine_4x.js,chasolver-positions,chasolver-positions:2431,--,w,BT,H,horizon,0,151,3k4/1p6/pPp5/P1Pp3p/1B1Pp1pP/2B1PpP1/K4P2/7N w - -
engine_4x.js,chasolver-positions,chasolver-positions:2432,--,w,BT,H,horizon,0,222,2k5/8/8/p5p1/Pp1p1pPp/1PpPpP1P/2P1P1KN/NB3BNR w - -
engine_4x.js,chasolver-positions,chasolver-positions:2437,--,w,BT,H,horizon,0,348,k1bK4/1p1p4/1PpPp3/2P1Pp2/4pP2/2P1P3/2P5/8 w - -
engine_4x.js,chasolver-positions,chasolver-positions:2444,--,w,BT,H,horizon,0,128,8/8/3b3p/2b2p1P/3b1p1K/2b2Pp1/6P1/5kb1 w - -
engine_4x.js,chasolver-positions,chasolver-positions:2445,--,w,BT,H,horizon,0,140,8/8/3b3p/2b2p1P/1b1b1p1K/2b2Pp1/1b4P1/4bkb1 w - -
engine_4x.js,chasolver-positions,chasolver-positions:2446,--,w,BT,H,horizon,0,125,8/8/3b3p/2b2p1P/1b1b1p1K/b1b2Pp1/1b4P1/b4kb1 w - -
engine_4x.js,chasolver-positions,chasolver-positions:2447,--,w,BT,H,horizon,0,124,8/8/3b3p/2b2p1P/1b1b1p1K/b1b2Pp1/1b1b2P1/b4kb1 w - -
engine_4x.js,chasolver-positions,chasolver-positions:2448,--,w,BT,H,horizon,0,150,8/4b3/3b3p/2b2p1P/3b1p1K/b4Pp1/1b1b2P1/b4kb1 w - -
engine_4x.js,chasolver-positions,chasolver-positions:2449,--,b,WT,H,horizon,0,123,8/8/3b3p/2b2p1P/3b1p1K/b4Pp1/1b1b2P1/b4kb1 b - -
engine_4x.js,chasolver-positions,chasolver-positions:2450,--,b,WT,H,horizon,0,121,8/8/7p/5p1P/5p1K/b4Pp1/1b4P1/b4kb1 b - -
engine_4x.js,chasolver-positions,chasolver-positions:2476,--,b,WT,H,horizon,0,137,B2b4/8/4k3/8/1p1p1p1p/1PpP1P1P/K1P4b/RB6 b - -
engine_4x.js,chasolver-positions,chasolver-positions:2488,W-,w,BT,H,budget,0,50001,6k1/p3p1P1/2p3PB/6PB/p3P1P1/4P3/PKP5/8 w - -
engine_4x.js,chasolver-positions,chasolver-positions:2490,W-,w,BT,H,budget,0,50001,6k1/p3p1P1/p1p1p1PB/p1P3PB/4P1P1/4P3/PK6/8 w - -
engine_4x.js,chasolver-positions,chasolver-positions:2589,--,w,BT,H,horizon,0,128,5b2/2b5/7p/b1b2p1P/5p1K/2b2Pp1/6P1/5kb1 w - -
engine_4x.js,chasolver-positions,chasolver-positions:2609,--,w,BT,H,horizon,0,145,8/4b3/7p/5p1P/3b1p1K/5Pp1/6P1/5kb1 w - -
engine_4x.js,chasolver-positions,chasolver-positions:2610,--,w,BT,H,horizon,0,128,8/8/3b3p/5p1P/3b1p1K/5Pp1/6P1/5kb1 w - -
engine_4x.js,chasolver-positions,chasolver-positions:2627,--,w,BT,H,budget,0,50001,6k1/p5P1/2p3PB/p5P1/8/8/PKP5/8 w - -
engine_4x.js,chasolver-positions,chasolver-positions:2692,W-,w,BT,H,horizon,0,152,8/4b3/3b1k2/8/8/5Bp1/6Pp/7K w - -
engine_4x.js,chasolver-positions,chasolver-positions:2791,-B,b,WT,H,horizon,0,245,4kb2/8/2ppp3/3p2p1/1p1K1pP1/1P1P1P2/8/1B6 b - -
engine_4x.js,chasolver-positions,chasolver-positions:2792,-B,b,WT,H,horizon,0,215,1b2kb2/8/2ppp3/3p2p1/1p1K1pP1/1P1P1P2/8/1B3B2 b - -
engine_4x.js,chasolver-positions,chasolver-positions:2793,-B,b,WT,H,horizon,0,220,1b2kb2/8/2ppp3/3p2p1/1p1K1pP1/1P1P1P2/8/1B1B1B2 b - -
engine_4x.js,chasolver-positions,chasolver-positions:2946,--,w,BT,H,horizon,0,181,4kb1b/4p1b1/4Pp1b/p2p1Pp1/Pp1P2Pp/1Pp4P/B1P5/4K3 w - -
engine_4x.js,chasolver-positions,chasolver-positions:2947,--,w,BT,H,horizon,0,201,4kb1b/4p1b1/4Pp1b/p2p1Pp1/Pp1P2Pp/1Pp4P/B1P5/1B2K3 w - -
engine_4x.js,chasolver-positions,chasolver-positions:2950,--,w,BT,H,horizon,0,139,1kb5/3b4/8/1p1p1p2/1PpPpPp1/2P1P1Pp/7P/2K5 w - -
engine_4x.js,chasolver-positions,chasolver-positions:2955,--,w,BT,H,horizon,0,198,8/8/3k4/8/1p3p2/1Pp1pPp1/2PpP1P1/NK1B4 w - -
engine_4x.js,chasolver-positions,chasolver-positions:2956,--,w,BT,H,horizon,0,198,8/8/3k4/8/1p3p2/1Pp1pPp1/2PpP1P1/NK1B1B1B w - -
engine_4x.js,chasolver-positions,chasolver-positions:2960,--,w,BT,H,horizon,0,139,4b1bk/1p5b/1Pp5/2Pp4/3Pp1p1/B3PpP1/5P2/K1B1B3 w - -
engine_4x.js,chasolver-positions,chasolver-positions:2961,--,w,BT,H,horizon,0,139,4b1bk/1p5b/1Pp5/2Pp4/3Pp1p1/B3PpP1/5P2/K1B1B2N w - -
engine_4x.js,chasolver-positions,chasolver-positions:2964,--,w,BT,H,horizon,0,129,brb1b1bk/1p1p3b/1PpP4/2Pp4/3Pp1p1/B3PpP1/5P2/K1B1B2N w - -
engine_4x.js,chasolver-positions,chasolver-positions:2995,--,w,BT,H,horizon,0,196,5b1k/4p1p1/4P1P1/7K/8/8/8/8 w - -
engine_4x.js,chasolver-positions,chasolver-positions:2996,--,b,WT,H,horizon,0,194,5b1k/4p1p1/4P1P1/7K/8/8/8/8 b - -
engine_4x.js,chasolver-positions,chasolver-positions:3000,--,w,BT,H,horizon,0,126,4k1b1/5b2/8/1p1p1p1p/1PbP1P1P/8/8/4K1B1 w - -
engine_4x.js,chasolver-positions,chasolver-positions:3001,W-,w,BT,H,horizon,0,126,4k1b1/5b2/8/1p1p1pBp/1PbP1P1P/8/8/4K1B1 w - -
engine_4x.js,chasolver-positions,chasolver-positions:3003,W-,w,BT,H,budget,0,50001,6k1/p1p1p1P1/6PB/6P1/8/8/PKP1P3/8 w - -
engine_4x.js,chasolver-positions,chasolver-positions:3004,W-,w,BT,H,budget,0,50001,6k1/p1p1p1P1/6PB/6P1/8/P7/1KP1P3/8 w - -
engine_4x.js,chasolver-positions,chasolver-positions:3008,--,b,WT,H,horizon,0,126,8/1k6/7b/8/1p1p1p1p/1PpP1P1P/2P1B1K1/N3b3 b - -
engine_4x.js,chasolver-positions,chasolver-positions:3010,--,w,BT,H,horizon,0,156,8/1k6/1p1pB3/pPpP4/P1Pp1p1p/3PbP1P/6K1/5B2 w - -
engine_4x.js,chasolver-positions,chasolver-positions:3099,--,w,BT,H,horizon,0,205,rnb3k1/nb1p2p1/p1pP2P1/PpP5/1P6/8/1K6/8 w - -
engine_4x.js,chasolver-positions,chasolver-positions:3100,--,w,BT,H,horizon,0,205,qnb3k1/nb1p2p1/p1pP2P1/PpP5/1P6/8/1K6/8 w - -
engine_4x.js,chasolver-positions,chasolver-positions:3101,-B,b,WT,H,horizon,0,143,8/B4b2/2k5/1p1p4/1P1Pp1pB/1pp1P1P1/1p6/bK3b2 b - -
engine_4x.js,chasolver-positions,chasolver-positions:3117,--,w,BT,H,horizon,0,258,k7/5p1p/1p6/1P1p1P2/1p1P1p1P/5P1p/1P5P/7K w - -
engine_4x.js,chasolver-positions,chasolver-positions:3236,--,b,WT,H,horizon,0,145,8/1k5B/6Bb/8/1p1p1p1p/1PpP1P1P/2Pb2K1/N1b1b3 b - -
engine_4x.js,chasolver-positions,chasolver-positions:3249,--,w,BT,H,horizon,0,125,1b6/b1b5/3k3b/b1b1b3/1b1b1p2/p1p1pPp1/P1P1P1P1/1B1BK3 w - -
engine_4x.js,chasolver-positions,chasolver-positions:3272,--,w,BT,H,horizon,0,375,8/6p1/2k3P1/6PB/6P1/1p4PR/pP5P/K7 w - -
engine_4x.js,chasolver-positions,chasolver-positions:3277,--,w,BT,H,horizon,0,165,B1B1B1B1/pBpBpBp1/P1P1P1P1/4b3/5b2/8/8/k1K5 w - -
engine_4x.js,chasolver-positions,chasolver-positions:3293,--,w,BT,H,horizon,0,141,N1N1N1N1/PpPpPpPp/1P1P1P1P/8/8/4k3/8/4K3 w - -
engine_4x.js,chasolver-positions,chasolver-positions:3294,--,w,BT,H,horizon,0,204,1K6/1p6/kPp5/2P5/p1P5/P7/8/8 w - -
engine_4x.js,chasolver-positions,chasolver-positions:3295,--,w,BT,H,horizon,0,192,1K6/1p6/kPp5/2P5/p1P5/P1B5/8/8 w - -
engine_4x.js,chasolver-positions,chasolver-positions:3296,--,w,BT,H,horizon,0,162,1K6/1p4B1/kPp2B2/2P1B3/p1PB4/P1B5/8/8 w - -
engine_4x.js,chasolver-positions,chasolver-positions:3305,--,w,BT,H,horizon,0,121,k1b5/8/8/BpBpBpBp/bPbPbPbP/8/8/K1B5 w - -
engine_4x.js,chasolver-positions,chasolver-positions:3308,--,w,BT,H,horizon,0,121,k1b5/8/8/BpBpBp1p/bPbPbPbP/8/8/K1B5 w - -
engine_4x.js,chasolver-positions,chasolver-positions:3309,--,w,BT,H,horizon,0,125,k1b5/8/8/BpBpBp1p/bPbPbP1P/8/8/K1B5 w - -
engine_4x.js,chasolver-positions,chasolver-positions:3310,--,w,BT,H,horizon,0,137,k1b5/8/8/1p1p1pBp/1P1P1PbP/8/8/K1B5 w - -
engine_4x.js,chasolver-positions,chasolver-positions:3312,--,w,BT,H,horizon,0,125,k1b5/8/8/BpBpBpBp/bPbPbPpP/5pP1/5P2/K1B4N w - -
engine_4x.js,chasolver-positions,chasolver-positions:3313,--,w,BT,H,horizon,0,125,k1b4n/5p2/5Pp1/BpBpBpPp/bPbPbPpP/5pP1/5P2/K1B4N w - -
engine_4x.js,chasolver-positions,chasolver-positions:3322,--,w,BT,H,horizon,0,130,k1b5/8/8/1pBpBpBp/1P1P1PpP/6P1/6P1/K1B1B3 w - -
engine_4x.js,chasolver-positions,chasolver-positions:3324,--,w,BT,H,horizon,0,130,k1b5/8/8/1pBpBpBp/bP1P1PpP/1p4P1/1P4P1/K1B1B3 w - -
engine_4x.js,chasolver-positions,chasolver-positions:3325,--,w,BT,H,horizon,0,130,k1b5/8/8/1pBpBpBp/pP1P1PpP/Pp4P1/1P4P1/K1B1B3 w - -
engine_4x.js,chasolver-positions,chasolver-positions:3383,--,b,WT,H,horizon,0,135,8/8/3b3p/4bp1P/5p1K/4bPp1/5bP1/5k2 b - -
engine_4x.js,chasolver-positions,chasolver-positions:3384,--,b,WT,H,horizon,0,133,8/8/3b3p/4bp1P/5p1K/4bPp1/3b1bP1/2b2k2 b - -
engine_4x.js,chasolver-positions,chasolver-positions:3385,--,b,WT,H,horizon,0,128,8/8/3b3p/4bp1P/5p1K/4bPp1/3b1bP1/2b2kb1 b - -
engine_4x.js,chasolver-positions,chasolver-positions:3386,--,b,WT,H,horizon,0,128,5b2/2b5/3b3p/2b1bp1P/3b1p1K/4bPp1/3b1bP1/2b2kb1 b - -
engine_4x.js,chasolver-positions,chasolver-positions:3407,-B,b,WT,H,horizon,0,140,B2b4/1q6/2k5/8/1p1p1p1p/1PpP1P1P/K1P4b/NB6 b - -
engine_4x.js,chasolver-positions,chasolver-positions:3408,--,w,BT,H,horizon,0,160,1k6/8/8/3B4/2Bp1p1p/1BpP1P1P/2P1BPBP/3BKBNR w K -
engine_4x.js,chasolver-positions,chasolver-positions:3410,--,b,WT,H,horizon,0,180,8/4p1p1/p1p1P1P1/P1P1pBp1/pBp1P1P1/P1P5/4K1P1/2k5 b - -
engine_4x.js,chasolver-positions,chasolver-positions:3414,W-,w,BT,H,horizon,0,142,3b4/4p1p1/1p1pP1P1/1P1PpBp1/1pBpP1P1/1P1P4/4K1P1/2k5 w - -